Mls_Number,Lat,Long,Street,City,Province,Postal_Code,Age,Listed_By,Lot_Size,Size,Style,Taxes,Type,Walk_Score,Neighbourhood,Price,Business_Type,Property_Type,Zoning,Photo_file,Photo_url,Date_posted_MLS
W4677360,43.683551,-79.463181,357 SILVERTHORN AVE,Toronto, Ontario ,M6M3G7,100 years,"Sutton Group Realty Systems Inc., Brokerage",25.00 x 132.91 Feet,No Data,Bungalow,"$2,115 /yr",Detached,84,Keelesdale-eglinton West,500000,,,,,,28-Jan-20
E4651773,43.696859,-79.28264,167 AUGUST AVE,Toronto, Ontario ,M1L3N3,0-5 years,"Re/max Hallmark Realty Ltd., Brokerage",22.51 x 135.4 Feet,No Data,2-Storey,No Data,Detached,58,Oakridge,529000,,,,,,11-Dec-19
E4678182,43.721116,-79.256326,52 LAUREL AVE,Toronto, Ontario ,M1K3J5,No Data,"Royal Lepage Signature Realty, Brokerage",32.50 x 109 Feet,No Data,Bungalow,"$2,671 /yr",Detached,60,Kennedy Park,629000,,,,,,28-Jan-20
W4682042,43.667244,-79.503363,170 EILEEN AVE,Toronto, Ontario ,M6N1W1,100 years,"Engel & Volkers Oakville, Brokerage",25.00 x 109 Feet,1100-1500 sqft,2-Storey,"$3,437 /yr",Detached,45,Rockcliffe-smythe,699000,,,,,,03-Feb-20
E4681370,43.701151,-79.287505,292 PHARMACY AVE W,Toronto, Ontario ,M1L3G2,No Data,Public Choice Realty Inc.,No Data,No Data,Bungalow,No Data,House/Single Family,63,Clairlea-birchmount,699000,,,,,,01-Feb-20
W4674564,43.701519,-79.511255,2004 LAWRENCE AVE W,Toronto, Ontario ,M9N1H4,No Data,"Cloud Realty, Brokerage",36.00 x 96 Feet,No Data,Bungalow,"$2,987 /yr",Detached,75,Weston,699000,,,,,,23-Jan-20
W4647411,43.70929,-79.506157,242 CHURCH ST,Toronto, Ontario ,M4N1P1,No Data,"Re/max Community Realty Inc., Brokerage",33.00 x 135 Feet,No Data,Bungalow,"$2,262 /yr",Detached,99,Humberlea-pelmo Park W4,749900,,,,,,04-Dec-19
E4677179,43.674119,-79.313481,18 BOWMORE RD,Toronto, Ontario ,M4L3H7,51-99 years,"Real Estate Homeward, Brokerage",25.92 x 93 Feet,No Data,Bungalow,"$3,782 /yr",Detached,77,Woodbine Corridor,789000,,,,,,27-Jan-20
E4676387,43.689662,-79.332583,194 LINSMORE CRES,Toronto, Ontario ,M4J4L4,51-99 years,"Royal Lepage Urban Realty, Brokerage",33.01 x 84 Feet,No Data,Bungalow,"$3,347 /yr",Detached,71,Danforth Village-east York,799000,,,,,,26-Jan-20
E4679922,43.692886,-79.310972,201 GLEDHILL AVE,Toronto, Ontario ,M4C5K9,No Data,"Re/max Hallmark Realty Ltd., Brokerage",25.00 x 172.25 Feet,No Data,2-Storey,"$3,673 /yr",Detached,86,Woodbine-lumsden,799000,,,,,,30-Jan-20
W4646420,43.714343,-79.54501,40 GRIERSON RD,Toronto, Ontario ,M9W3R3,No Data,"Royal Lepage Signature Realty, Brokerage",50.00 x 104.5 Feet,No Data,Bungalow,"$2,663 /yr",Detached,44,Elms-old Rexdale,806000,,,,,,02-Dec-19
W4601144,43.704388,-79.51363,97 JOHN ST,Toronto, Ontario ,M9N1J9,51-99 years,"Re/max Aboutowne Realty Corp., Brokerage",39.99 x 119.79 Feet,1100-1500 sqft,2-Storey,"$3,089 /yr",Detached,99,Weston,825000,,,,,,07-Oct-19
C4670530,43.689768,-79.437303,197 CEDRIC AVE,Toronto, Ontario ,M6C3X7,No Data,"Accsell Realty Inc., Brokerage",25.00 x 105.37 Feet,No Data,2-Storey,"$4,013 /yr",Detached,60,Oakwood-vaughan,835000,,,,,,17-Jan-20
E4678283,43.692708,-79.313915,318 CEDARVALE AVE,Toronto, Ontario ,M4C4K4,No Data,"Royal Lepage Terrequity Realty, Brokerage",18.73 x 93.72 Feet,No Data,2-Storey,"$3,307 /yr",Detached,89,Woodbine-lumsden,849000,,,,,,29-Jan-20
W4676584,43.68903,-79.459336,121 KITCHENER AVE,Toronto, Ontario ,M6E2B8,No Data,"Right At Home Realty Inc., Brokerage",25.00 x 103.37 Feet,No Data,Bungalow,"$2,732 /yr",Detached,55,Caledonia-fairbank,849500,,,,,,27-Jan-20
W4681948,43.734476,-79.479331,97 CUFFLEY CRES N,Toronto, Ontario ,M3K1Y3,No Data,"Royal Lepage Signature Realty, Brokerage",50.00 x 120 Feet,No Data,Bungalow,"$3,700 /yr",Detached,33,Downsview-roding-cfb,849900,,,,,,03-Feb-20
W4674553,43.70821,-79.464829,135 PLAYFAIR AVE,Toronto, Ontario ,M6B2R4,No Data,"Re/max Premier Inc., Brokerage",40.00 x 136 Feet,700-1100 sqft,Bungalow,"$3,619 /yr",Detached,54,Yorkdale-glen Park,849900,,,,,,23-Jan-20
E4674427,43.689042,-79.335403,1001 GREENWOOD AVE,Toronto, Ontario ,M4J4C7,51-99 years,"Ipro Realty Ltd., Brokerage",15.88 x 95 Feet,No Data,2-Storey,"$3,151 /yr",Detached,62,Danforth Village-east York,879000,,,,,,23-Jan-20
C4678389,43.687894,-79.434687,403 WINONA DR,Toronto, Ontario ,M6C3T4,No Data,"Re/max Hallmark Realty Ltd., Brokerage",19.33 x 140 Feet,1500-2000 sqft,2-Storey,"$5,182 /yr",Detached,35,Oakwood-vaughan,898800,,,,,,29-Jan-20
E4676882,43.690848,-79.313228,254 CEDARVALE AVE,Toronto, Ontario ,M4C4K2,No Data,"Royal Lepage Exceptional Real Estate Services, Brokerage",16.67 x 94.91 Feet,No Data,2-Storey,"$2,467 /yr",Detached,88,Woodbine-lumsden,899000,,,,,,27-Jan-20
E4641255,43.711049,-79.265732,9 LARMERE CRT,Toronto, Ontario ,M1K1V8,No Data,"Right At Home Realty Inc., Brokerage",46.00 x 110 Feet,No Data,Bungalow,"$3,188 /yr",Detached,64,Clairlea-birchmount,899000,,,,,,25-Nov-19
E4662457,43.709284,-79.295245,61 MCDONALD AVE,Toronto, Ontario ,M1L3Y7,No Data,"Home Legend Realty Inc., Brokerage",30.00 x 138.58 Feet,No Data,2-Storey,"$3,958 /yr",Detached,65,Oakridge,918000,,,,,,07-Jan-20
W4640164,43.710119,-79.51821,48 LANGSIDE AVE,Toronto, Ontario ,M9N3E4,No Data,"Re/max Ultimate Realty Inc., Brokerage",40.00 x 125 Feet,No Data,Bungalow,"$3,088 /yr",Detached,29,Humberlea-pelmo Park W4,939999,,,,,,22-Nov-19
W4661349,43.731361,-79.494445,154 CALVINGTON DR,Toronto, Ontario ,M3M2M6,No Data,"Royal Lepage Real Estate Services Ltd., Brokerage",50.00 x 120 Feet,No Data,1 1/2 Storey,"$3,262 /yr",Detached,23,Downsview-roding-cfb,949000,,,,,,06-Jan-20
W4574696,43.680302,-79.494789,29 CHRYESSA AVE,Toronto, Ontario ,M6N4T4,No Data,"Re/max Premier Inc., Brokerage",40.00 x 105 Feet,No Data,2 1/2 Storey,"$2,786 /yr",Detached,56,Rockcliffe-smythe,949000,,,,,,12-Sep-19
E4681706,43.715508,-79.297842,56 DELWOOD DR,Toronto, Ontario ,M1L2S7,No Data,"Century 21 Leading Edge Realty Inc., Brokerage",40.00 x 125 Feet,No Data,Bungalow,"$3,412 /yr",Detached,63,Clairlea-birchmount,958000,,,,,,02-Feb-20
W4672349,43.688639,-79.469883,2 YPRES RD,Toronto, Ontario ,M6M1N9,No Data,"Dream Home Realty Inc., Brokerage",25.50 x 106.27 Feet,No Data,2-Storey,"$4,143 /yr",Detached,78,Keelesdale-eglinton West,970000,,,,,,20-Jan-20
W4682109,43.685713,-79.450341,6 TEIGNMOUTH AVE,Toronto, Ontario ,M6E1S5,No Data,"Lolly D Gillen, Brokerage",36.00 x 121.91 Feet,1500-2000 sqft,1 1/2 Storey,"$4,472 /yr",Detached,52,Caledonia-fairbank,998000,,,,,,03-Feb-20
E4646257,43.694832,-79.305689,251B CHISHOLM AVE,Toronto, Ontario ,M4C4W5,6-15 years,"Re/max Hallmark Realty Ltd., Brokerage",18.03 x 100.07 Feet,1100-1500 sqft,2-Storey,"$4,031 /yr",Detached,76,Woodbine-lumsden,998800,,,,,,02-Dec-19
E4677413,43.686023,-79.315902,24 WOODMOUNT AVE,Toronto, Ontario ,M4C3X7,51-99 years,"Royal Lepage Your Community Realty, Brokerage",23.78 x 100.12 Feet,No Data,2-Storey,"$4,260 /yr",Detached,97,Danforth Village-east York,999000,,,,,,28-Jan-20
C4682182,43.649088,-79.410538,97 CLAREMONT ST,Toronto, Ontario ,M6J2M7,No Data,"Re/max Professionals Inc., Brokerage",26.92 x 60 Feet,No Data,Bungalow,"$4,686 /yr",Detached,89,Trinity-bellwoods,999000,,,,,,03-Feb-20
W4681407,43.692083,-79.517464,626 SCARLETT RD,Toronto, Ontario ,M9P2S8,No Data,"Snobar Realty Group Inc., Brokerage",50.00 x 153.5 Feet,No Data,Bungalow,"$3,965 /yr",Detached,31,Humber Heights,999888,,,,,,01-Feb-20
W4671708,43.727785,-79.484552,20 PLEASANT HOME BLVD,Toronto, Ontario ,M3M2B5,No Data,"Ellicott Realty Inc., Brokerage",57.00 x 132 Feet,No Data,Bungalow,"$4,857 /yr",Detached,70,Downsview-roding-cfb,999888,,,,,,20-Jan-20
E4648079,43.700645,-79.261529,93 HIGHVIEW AVE,Toronto, Ontario ,M1N2H6,No Data,"Right At Home Realty Inc., Brokerage",25.00 x 120 Feet,No Data,2-Storey,"$2,479 /yr",Detached,44,Birchcliffe-cliffside,999899,,,,,,04-Dec-19
W4643917,43.712463,-79.529146,69 MEADOW OAK PL,Toronto, Ontario ,M9N3Z6,16-30 years,"Re/max Ultimate Realty Inc., Brokerage",21.06 x 118 Feet,2000-2500 sqft,2-Storey,"$3,872 /yr",Detached,49,Humberlea-pelmo Park W4,999900,,,,,,28-Nov-19
W4553932,43.696083,-79.455926,38 MIRANDA AVE,Toronto, Ontario ,M6E4G2,31-50 years,"Right At Home Realty Inc., Brokerage",34.71 x 125.68 Feet,No Data,3-Storey,"$3,206 /yr",Detached,81,Briar Hill-belgravia,999999,,,,,,21-Aug-19
E4599976,43.697328,-79.318906,21 REDNOR RD,Toronto, Ontario ,M4C4B3,No Data,"Re/max Realtron Realty Inc., Brokerage",30.00 x 136.68 Feet,No Data,Bungalow,"$3,531 /yr",Detached,84,East York,999999,,,,,,06-Oct-19
E4673952,43.691008,-79.320257,191 GLEBEMOUNT AVE,Toronto, Ontario ,M4C3T2,No Data,"Re/max Crossroads Realty Inc., Brokerage",19.00 x 100 Feet,1100-1500 sqft,2-Storey,"$3,621 /yr",Detached,83,Woodbine-lumsden,1049000,,,,,,22-Jan-20
E4635188,43.693078,-79.290258,16 BRYANT AVE E,Toronto, Ontario ,M4C5G8,No Data,"Homelife Superstars Real Estate Limited, Brokerage",21.00 x 110 Feet,No Data,2-Storey,"$3,862 /yr",Detached,90,Crescent Town,1059000,,,,,,15-Nov-19
C4679407,43.733582,-79.336399,110 PLATEAU CRES,Toronto, Ontario ,M3C1M8,No Data,"Royal Lepage Signature Realty, Brokerage",67.00 x 110.08 Feet,No Data,1 1/2 Storey,"$4,812 /yr",Detached,62,Banbury-don Mills,1088000,,,,,,30-Jan-20
E4611366,43.71087,-79.255337,81A VANBRUGH AVE,Toronto, Ontario ,M1N3T1,No Data,"New Era Real Estate, Brokerage",29.99 x 120 Feet,2000-2500 sqft,2-Storey,"$4,077 /yr",Detached,61,Birchcliffe-cliffside,1099000,,,,,,18-Oct-19
W4676470,43.686103,-79.452161,329 NAIRN AVE,Toronto, Ontario ,M6E4H9,No Data,"Ipro Realty Ltd., Brokerage",25.00 x 138.33 Feet,No Data,2-Storey,"$3,105 /yr",Detached,47,Caledonia-fairbank,1099000,,,,,,27-Jan-20
W4608279,43.700804,-79.528048,15 DIXON RD,Toronto, Ontario ,M9P2K9,No Data,"Snobar Realty Group Inc., Brokerage",50.00 x 141.75 Feet,No Data,Bungalow,"$3,749 /yr",Detached,60,Humber Heights,1099888,,,,,,16-Oct-19
E4676502,43.685474,-79.276805,7 FERNCROFT DR,Toronto, Ontario ,M1N2X3,No Data,"Sutton Group-admiral Realty Inc., Brokerage",33.33 x 120 Feet,No Data,Bungalow,"$3,702 /yr",Detached,48,Birchcliffe-cliffside,1149000,,,,,,27-Jan-20
W4666977,43.700756,-79.441226,315 HOPEWELL AVE,Toronto, Ontario ,M6E2S1,No Data,"Century 21 Millennium Inc., Brokerage",25.00 x 110 Feet,No Data,2-Storey,"$3,500 /yr",Detached,79,Briar Hill-belgravia,1150000,,,,,,13-Jan-20
W4653780,43.709846,-79.525294,274 GARY DR,Toronto, Ontario ,M9N2N3,No Data,"Sutton Group Realty Systems Inc., Brokerage",41.75 x 150 Feet,No Data,Bungalow,"$3,708 /yr",Detached,44,Humberlea-pelmo Park W4,1150000,,,,,,16-Dec-19
W4615573,43.717529,-79.477046,53 JAY ST,Toronto, Ontario ,M6L2L9,No Data,"Sutton Group-heritage Realty Inc., Brokerage",40.00 x 130 Feet,No Data,Bungalow,"$3,606 /yr",Detached,26,Maple Leaf,1158000,,,,,,23-Oct-19
W4678319,43.734164,-79.545219,145 VEROBEACH BLVD,Toronto, Ontario ,M9M1R2,No Data,"Re/max Professionals Inc., Brokerage",66.50 x 146 Feet,No Data,Bungalow,"$3,405 /yr",Detached,14,Humbermede,1195000,,,,,,29-Jan-20
E4671006,43.700771,-79.302299,9 MUNFORD CRES,Toronto, Ontario ,M4B1B9,No Data,"Re/max Ultimate Realty Inc., Brokerage",48.00 x 83.5 Feet,No Data,Sidesplit 3,"$4,182 /yr",Detached,35,O'connor-parkview,1195000,,,,,,18-Jan-20
E4682394,43.692613,-79.318619,212 WOODMOUNT AVE,Toronto, Ontario ,M4C3Z6,No Data,"Keller Williams Advantage Realty, Brokerage",26.00 x 100 Feet,2000-2500 sqft,2-Storey,"$3,078 /yr",Detached,86,Danforth Village-east York,1198000,,,,,,03-Feb-20
E4682394,43.692613,-79.318619,212 WOODMOUNT AVE,Toronto, Ontario ,M4C3Z6,No Data,"Keller Williams Advantage Realty, Brokerage",26.00 x 100 Feet,2000-2500 sqft,2-Storey,"$3,078 /yr",Detached,86,Danforth Village-east York,1198000,,,,,,03-Feb-20
C4677944,43.686935,-79.429664,513 RUSHTON RD,Toronto, Ontario ,M6C2Y6,No Data,"Royal Lepage Real Estate Services Ltd., Brokerage",25.00 x 95 Feet,No Data,2-Storey,"$4,755 /yr",Detached,41,Humewood-cedarvale,1199000,,,,,,28-Jan-20
W4568801,43.721596,-79.451242,61 SPARROW AVE,Toronto, Ontario ,M6A1L5,51-99 years,"Sutton Group-tower Realty Ltd., Brokerage",57.00 x 120.52 Feet,1100-1500 sqft,Bungalow,"$4,376 /yr",Detached,76,Yorkdale-glen Park,1200000,,,,,,06-Sep-19
C4403740,43.679611,-79.441039,127 NORTHCLIFFE BLVD,Toronto, Ontario ,M6E3K5,No Data,"Flatprice.ca Real Estate Brokerage, Brokerage",24.46 x 120 Feet,No Data,2-Storey,"$4,067 /yr",Detached,94,Oakwood-vaughan,1249000,,,,,,04-Apr-19
W4669922,43.679082,-79.499102,31 PENDEEN AVE,Toronto, Ontario ,M6N2P4,New,"Royal Lepage Flower City Realty, Brokerage",23.50 x 125 Feet,No Data,3-Storey,No Data,Detached,25,Rockcliffe-smythe,1250000,,,,,,16-Jan-20
W4676709,43.717255,-79.499725,98B FALSTAFF AVE,Toronto, Ontario ,M6L2E4,No Data,"Homelife/gta Realty Inc., Brokerage",30.02 x 125.2 Feet,2000-2500 sqft,2-Storey,"$4,653 /yr",Detached,31,Rustic,1250000,,,,,,27-Jan-20
W4633488,43.736332,-79.464571,89 MANIZA RD,Toronto, Ontario ,M3K1R9,No Data,"Homelife/realty One Ltd., Brokerage",50.00 x 165 Feet,No Data,2-Storey,"$4,096 /yr",Detached,30,Downsview-roding-cfb,1250000,,,,,,13-Nov-19
E4672504,43.69642,-79.273007,13 BUTTERWORTH AVE,Toronto, Ontario ,M1L1G9,No Data,"Re/max Hallmark Realty Ltd., Brokerage",25.00 x 100 Feet,No Data,2-Storey,"$4,681 /yr",Detached,56,Oakridge,1279000,,,,,,21-Jan-20
E4677273,43.723227,-79.263769,579 A KENNEDY RD,Toronto, Ontario ,M1K2B2,New,"Century 21 People`s Choice Realty Inc., Brokerage",30.25 x 137.66 Feet,2500-3000 sqft,2-Storey,No Data,Detached,36,Kennedy Park,1298000,,,,,,27-Jan-20
C4675535,43.708336,-79.373156,35 FLEMING CRES,Toronto, Ontario ,M4G2A9,No Data,"Re/max Ultimate Realty Inc., Brokerage",28.00 x 135 Feet,No Data,Bungalow,"$8,499 /yr",Detached,89,Leaside,1299000,,,,,,24-Jan-20
W4677115,43.684891,-79.525457,166 LA ROSE AVE,Toronto, Ontario ,M9P1B4,No Data,"Income Plus Realty Services Inc., Brokerage",51.65 x 117 Feet,No Data,Bungalow,"$4,270 /yr",Detached,55,Humber Heights,1299900,,,,,,27-Jan-20
W4636879,43.717405,-79.534943,48 YORKDALE CRES,Toronto, Ontario ,M9M1C1,No Data,"Dreamworld Realty Inc., Brokerage",50.00 x 120 Feet,No Data,2-Storey,"$5,953 /yr",Detached,35,Humberlea-pelmo Park W5,1299900,,,,,,18-Nov-19
W4619119,43.686223,-79.543506,27 HARTSDALE DR,Toronto, Ontario ,M9R2S3,No Data,"Right At Home Realty Inc., Brokerage",57.00 x 110.25 Feet,No Data,Backsplit 4,"$5,249 /yr",Detached,59,Willowridge-martingrove-richview,1307000,,,,,,28-Oct-19
W4656549,43.69882,-79.528258,31 LOCKHEED BLVD,Toronto, Ontario ,M9P2H7,No Data,"Re/max Ultimate Realty Inc., Brokerage",30.00 x 80 Feet,No Data,2-Storey,No Data,Detached,42,Humber Heights,1324800,,,,,,21-Dec-19
W4637904,43.684951,-79.490806,1B ELHURST COURT CRT,Toronto, Ontario ,M6N4N9,No Data,"Tfn Realty Inc., Brokerage",27.99 x 90.75 Feet,1500-2000 sqft,2-Storey,"$4,597 /yr",Detached,73,Mount Dennis,1325000,,,,,,19-Nov-19
E4679538,43.682411,-79.287644,343A SCARBOROUGH RD,Toronto, Ontario ,M4E3M9,No Data,"Royal Lepage Estate Realty, Brokerage",25.00 x 100 Feet,No Data,2-Storey,"$4,586 /yr",Detached,88,The Beaches,1349000,,,,,,30-Jan-20
C4621860,43.723396,-79.438292,101 BROOKVIEW DR,Toronto, Ontario ,M6A2K5,No Data,"Re/max Imperial Realty Inc., Brokerage",48.00 x 120 Feet,No Data,1 1/2 Storey,"$4,631 /yr",Detached,46,Englemount-lawrence,1349000,,,,,,30-Oct-19
E4677257,43.703416,-79.291193,65 MAYBOURNE AVE,Toronto, Ontario ,M1L2W1,0-5 years,"Royal Lepage Signature Realty, Brokerage",25.46 x 106.53 Feet,No Data,2-Storey,"$4,273 /yr",Detached,74,Clairlea-birchmount,1350000,,,,,,27-Jan-20
W4662414,43.643237,-79.52316,1204 ISLINGTON AVE,Toronto, Ontario ,M8Z4T1,0-5 years,"Re/max Crossroads Realty Inc., Brokerage",33.00 x 120 Feet,No Data,2-Storey,"$5,273 /yr",Detached,67,Islington-city Centre West,1350000,,,,,,07-Jan-20
E4679102,43.677188,-79.301044,330 LEE AVE,Toronto, Ontario ,M4E2P8,No Data,"Re/max Hallmark Realty Ltd., Brokerage",20.58 x 100 Feet,No Data,2-Storey,"$4,493 /yr",Detached,79,The Beaches,1380000,,,,,,30-Jan-20
W4642618,43.722051,-79.460742,58 MCADAM AVE,Toronto, Ontario ,M6A1S7,No Data,"Re/max Hallmark Lino Arci Group Realty, Brokerage",42.00 x 132 Feet,2000-2500 sqft,2-Storey,"$4,194 /yr",Detached,50,Yorkdale-glen Park,1380000,,,,,,26-Nov-19
W4661874,43.70489,-79.463022,1213 GLENCAIRN AVE,Toronto, Ontario ,M6B2B6,No Data,"Century 21 Leading Edge Realty Inc., Brokerage",25.00 x 124.72 Feet,No Data,2-Storey,"$2,895 /yr",Detached,43,Yorkdale-glen Park,1388000,,,,,,07-Jan-20
C4679142,43.716084,-79.365498,321 LAIRD DR,Toronto, Ontario ,M4G3X7,No Data,"Bosley Real Estate Ltd., Brokerage",31.00 x 110 Feet,No Data,Bungalow,"$5,513 /yr",Detached,57,Leaside,1389000,,,,,,30-Jan-20
W4678000,43.662444,-79.46347,280 KEELE ST,Toronto, Ontario ,M6P2K4,No Data,"Re/max West Realty Inc., Brokerage",30.00 x 115 Feet,No Data,2 1/2 Storey,"$6,428 /yr",Detached,86,Junction Area,1399000,,,,,,28-Jan-20
W4675249,43.696018,-79.457165,131 BOWIE AVE,Toronto, Ontario ,M6E2R1,No Data,"Re/max Crossroads Realty Inc., Brokerage",26.00 x 125 Feet,2000-2500 sqft,2-Storey,"$4,622 /yr",Detached,64,Briar Hill-belgravia,1399000,,,,,,24-Jan-20
W4677506,43.721184,-79.453007,43 SPARROW AVE,Toronto, Ontario ,M6A1L5,No Data,"Re/max Realtron Realty Inc., Brokerage",50.00 x 120 Feet,No Data,Sidesplit 3,"$4,448 /yr",Detached,68,Yorkdale-glen Park,1399900,,,,,,28-Jan-20
W4641266,43.721122,-79.501826,24B MONTANA AVE,Toronto, Ontario ,M3M1B6,New,"Re/max Hallmark Realty Ltd., Brokerage",32.50 x 110 Feet,3000-3500 sqft,2-Storey,"$5,008 /yr",Detached,63,Downsview-roding-cfb,1450000,,,,,,25-Nov-19
W4677641,43.659918,-79.472581,27 ROWLAND ST,Toronto, Ontario ,M6P1M2,No Data,"Royal Lepage Real Estate Services Ltd., Brokerage",25.00 x 100 Feet,No Data,3-Storey,"$7,302 /yr",Detached,62,High Park North,1478000,,,,,,28-Jan-20
W4643468,43.710815,-79.526139,24 HOWBERT DR,Toronto, Ontario ,M9N3L2,New,"Forest Hill Real Estate Inc., Brokerage",43.00 x 134 Feet,No Data,Bungalow-Raised,"$3,937 /yr",Detached,47,Humberlea-pelmo Park W4,1488000,,,,,,27-Nov-19
C4681923,43.705472,-79.383842,282 MANOR RD E,Toronto, Ontario ,M4S1S2,No Data,"Re/max Hallmark Realty Ltd., Brokerage",25.00 x 122 Feet,No Data,2-Storey,"$6,558 /yr",Detached,85,Mount Pleasant East,1488000,,,,,,03-Feb-20
E4678239,43.681126,-79.343458,53 EATON AVE,Toronto, Ontario ,M4J2Z4,16-30 years,"Re/max Hallmark Realty Ltd., Brokerage",25.00 x 123.5 Feet,No Data,2-Storey,"$6,739 /yr",Detached,95,Danforth,1499000,,,,,,29-Jan-20
W4677440,43.695688,-79.473179,110 RICHARDSON AVE,Toronto, Ontario ,M6M3S1,No Data,"Re/max Ultimate Realty Inc., Brokerage",35.01 x 110 Feet,No Data,2-Storey,"$2,906 /yr",Detached,39,Beechborough-greenbrook,1499000,,,,,,28-Jan-20
W4679325,43.656217,-79.487468,2A METHUEN AVE,Toronto, Ontario ,M6S1Z5,0-5 years,"Re/max Premier Inc., Brokerage",22.57 x 75.06 Feet,2000-2500 sqft,3-Storey,"$5,500 /yr",Detached,73,Lambton Baby Point,1499888,,,,,,30-Jan-20
W4679277,43.687222,-79.52101,29 RIDGEMOUNT RD,Toronto, Ontario ,M9P1C4,No Data,"Income Plus Realty Services Inc., Brokerage",44.15 x 112.74 Feet,No Data,2-Storey,"$6,260 /yr",Detached,53,Humber Heights,1499999,,,,,,30-Jan-20
W4622517,43.713945,-79.498114,186 RUSTIC RD,Toronto, Ontario ,M6L1W1,No Data,"Right At Home Realty Inc., Brokerage",57.00 x 143 Feet,3500-5000 sqft,2-Storey,"$7,909 /yr",Detached,24,Rustic,1500000,,,,,,31-Oct-19
W4679985,43.644008,-79.482412,152 MORNINGSIDE AVE,Toronto, Ontario ,M6S1E3,51-99 years,"Right At Home Realty Inc., Brokerage",31.50 x 167.25 Feet,No Data,2-Storey,"$6,653 /yr",Detached,67,High Park-swansea,1500000,,,,,,30-Jan-20
E4635116,43.707777,-79.306701,56 JOANITH DR,Toronto, Ontario ,M4B1S7,New,"Century 21 Leading Edge Realty Inc., Brokerage",35.00 x 105 Feet,2500-3000 sqft,2-Storey,No Data,Detached,79,O'connor-parkview,1549000,,,,,,15-Nov-19
W4613147,43.723723,-79.458479,18 CARTWRIGHT AVE,Toronto, Ontario ,M6A1T7,No Data,"Re/max West Signature Realty Inc., Brokerage",40.00 x 132.91 Feet,No Data,1 1/2 Storey,"$3,901 /yr",Detached,71,Yorkdale-glen Park,1549000,,,,,,21-Oct-19
W4619917,43.713858,-79.478754,2513 B KEELE ST,Toronto, Ontario ,M6L2N7,0-5 years,"Re/max Noblecorp Real Estate, Brokerage",30.00 x 130 Feet,3000-3500 sqft,3-Storey,"$6,523 /yr",Detached,50,Maple Leaf,1549900,,,,,,29-Oct-19
W4631385,43.680317,-79.461354,262 BLACKTHORN AVE,Toronto, Ontario ,M6N3H8,0-5 years,"Royal Lepage Supreme Realty, Brokerage",25.00 x 112 Feet,3000-3500 sqft,3-Storey,"$6,357 /yr",Detached,66,Caledonia-fairbank,1549900,,,,,,11-Nov-19
C4679425,43.733751,-79.435425,12 CARHARTT AVE,Toronto, Ontario ,M6A1X8,No Data,"Gilbert Realty Inc., Brokerage",No Data,No Data,2-Storey,No Data,Detached,65,Englemount-lawrence,1550000,,,,,,30-Jan-20
W4654216,43.645403,-79.536621,1023 KIPLING AVE,Toronto, Ontario ,M9B3L5,No Data,"Right At Home Realty Inc., Brokerage",57.50 x 143.93 Feet,No Data,Bungalow,"$3,936 /yr",Detached,68,Islington-city Centre West,1550000,,,,,,16-Dec-19
W4662697,43.698802,-79.446402,445 WHITMORE AVE,Toronto, Ontario ,M6E2N6,No Data,"Royal Lepage Real Estate Services Ltd., Brokerage",25.00 x 110 Feet,No Data,3-Storey,"$2,993 /yr",Detached,61,Briar Hill-belgravia,1585000,,,,,,07-Jan-20
W4633753,43.698983,-79.447248,454 WHITMORE AVE,Toronto, Ontario ,M6E2N7,No Data,"Sutton Group Old Mill Realty Inc., Brokerage",25.00 x 105 Feet,No Data,3-Storey,"$2,960 /yr",Detached,74,Briar Hill-belgravia,1585000,,,,,,13-Nov-19
C4679105,43.700215,-79.426748,40 PEVERIL HILL N,Toronto, Ontario ,M6C3B1,No Data,"Royal Lepage Real Estate Services Ltd., Brokerage",25.00 x 115 Feet,No Data,2-Storey,"$6,270 /yr",Detached,82,Humewood-cedarvale,1598000,,,,,,30-Jan-20
E4615416,43.674927,-79.321668,370 RHODES AVE,Toronto, Ontario ,M4L3A5,No Data,"Century 21 Kennect Realty, Brokerage",26.79 x 95.78 Feet,2000-2500 sqft,2-Storey,"$7,113 /yr",Detached,90,Greenwood-coxwell,1599000,,,,,,23-Oct-19
W4668717,43.711971,-79.472668,9 ROLLET DR,Toronto, Ontario ,M6L1J8,No Data,"Harvey Kalles Real Estate Ltd., Brokerage",66.50 x 125 Feet,No Data,1 1/2 Storey,"$4,496 /yr",Detached,30,Maple Leaf,1599000,,,,,,15-Jan-20
W4672324,43.723171,-79.504769,47 WILLIAM CRAGG DR,Toronto, Ontario ,M3M1T8,No Data,"Century 21 People`s Choice Realty Inc., Brokerage",49.98 x 120.14 Feet,3000-3500 sqft,2-Storey,"$8,400 /yr",Detached,61,Downsview-roding-cfb,1599900,,,,,,20-Jan-20
E4666136,43.678253,-79.344422,687 PAPE AVE,Toronto, Ontario ,M4K3S6,51-99 years,"Homelife New World Realty Inc., Brokerage",21.00 x 89 Feet,No Data,2 1/2 Storey,"$5,780 /yr",Detached,95,Blake-jones,1600000,,,,,,12-Jan-20
W4404962,43.729821,-79.53637,3035 WESTON RD,Toronto, Ontario ,L3R9V2,No Data,"Re/max Realtron Realty Inc., Brokerage",50.03 x 189.03 Feet,3500-5000 sqft,2-Storey,"$7,280 /yr",Detached,39,Humberlea-pelmo Park W5,1600000,,,,,,04-Apr-19
E4666744,43.681987,-79.332851,668 GREENWOOD AVE,Toronto, Ontario ,M4J4B5,New,"Right At Home Realty Inc., Brokerage",20.00 x 100 Feet,No Data,2-Storey,"$4,134 /yr",Detached,95,Danforth,1649900,,,,,,13-Jan-20
W4673425,43.667723,-79.545482,38 BLAIR ATHOL CRES,Toronto, Ontario ,M9A1X5,No Data,"Re/max Professionals Inc., Brokerage",79.99 x 120 Feet,1500-2000 sqft,Bungalow,"$6,899 /yr",Detached,11,Princess-rosethorn,1679000,,,,,,22-Jan-20
C4667225,43.688994,-79.437423,180  CEDRIC  AVE,Toronto, Ontario ,M6C3X8,No Data,"Forest Hill Real Estate Inc., Brokerage",18.64 x 110.5 Feet,2500-3000 sqft,3-Storey,"$3,080 /yr",Detached,34,Oakwood-vaughan,1685000,,,,,,14-Jan-20
C4623468,43.73013,-79.345962,185 COTTONWOOD DR,Toronto, Ontario ,M3C2B3,51-99 years,"Forest Hill Real Estate Inc., Brokerage",65.00 x 100 Feet,1100-1500 sqft,Bungalow-Raised,"$5,651 /yr",Detached,78,Banbury-don Mills,1688000,,,,,,01-Nov-19
C4672800,43.735126,-79.405891,23 MCNAIRN AVE,Toronto, Ontario ,M5M2H4,No Data,"Re/max Hallmark Realty Ltd., Brokerage",25.00 x 120 Feet,No Data,2-Storey,"$7,801 /yr",Detached,81,Lawrence Park North,1698800,,,,,,21-Jan-20
C4675006,43.728054,-79.397652,1566 MOUNT PLEASANT RD,Toronto, Ontario ,M4N2V3,6-15 years,"First Class Realty Inc., Brokerage",39.50 x 50 Feet,No Data,3-Storey,"$7,449 /yr",Detached,81,Lawrence Park North,1699000,,,,,,23-Jan-20
C4682360,43.731308,-79.431838,149 BANNOCKBURN AVE,Toronto, Ontario ,M5M2N4,No Data,"Re/max Hallmark Batori Group Inc., Brokerage",25.00 x 130 Feet,No Data,2-Storey,"$7,794 /yr",Detached,72,Bedford Park-nortown,1729000,,,,,,03-Feb-20
C4682360,43.731308,-79.431838,149 BANNOCKBURN AVE,Toronto, Ontario ,M5M2N4,No Data,"Re/max Hallmark Batori Group Inc., Brokerage",25.00 x 130 Feet,No Data,2-Storey,"$7,794 /yr",Detached,72,Bedford Park-nortown,1729000,,,,,,03-Feb-20
C4682360,43.731308,-79.431838,149 BANNOCKBURN AVE,Toronto, Ontario ,M5M2N4,No Data,"Re/max Hallmark Batori Group Inc., Brokerage",25.00 x 130 Feet,No Data,2-Storey,"$7,794 /yr",Detached,72,Bedford Park-nortown,1729000,,,,,,03-Feb-20
E4669753,43.705733,-79.308198,210 GLENWOOD CRES,Toronto, Ontario ,M4B1K4,No Data,"Cityscape Real Estate Ltd., Brokerage",35.00 x 115 Feet,2000-2500 sqft,2-Storey,"$5,394 /yr",Detached,63,O'connor-parkview,1747000,,,,,,16-Jan-20
W4671663,43.679543,-79.52493,162 ALLANHURST DR,Toronto, Ontario ,M9A4K8,No Data,"Re/max Professionals Inc., Brokerage",50.00 x 150 Feet,2500-3000 sqft,2-Storey,"$7,894 /yr",Detached,38,Edenbridge-humber Valley,1749900,,,,,,20-Jan-20
C4676492,43.722161,-79.428934,658 BEDFORD PARK AVE,Toronto, Ontario ,M5M1K3,No Data,"Sutton Group-associates Realty Inc., Brokerage",40.00 x 133 Feet,No Data,Bungalow,"$5,939 /yr",Detached,78,Bedford Park-nortown,1750000,,,,,,27-Jan-20
E4661136,43.689154,-79.345698,196 GOWAN AVE,Toronto, Ontario ,M4J2K6,0-5 years,"Keller Williams Advantage Realty, Brokerage",25.00 x 150 Feet,3000-3500 sqft,2-Storey,"$3,600 /yr",Detached,74,Danforth Village-east York,1779000,,,,,,06-Jan-20
E4667430,43.695004,-79.26908,145 EASTWOOD AVE,Toronto, Ontario ,M1N3H4,New,"Century 21 Parkland Ltd., Brokerage",40.00 x 127 Feet,3000-3500 sqft,2-Storey,"$2,431 /yr",Detached,49,Birchcliffe-cliffside,1795000,,,,,,14-Jan-20
E4681322,43.696442,-79.323264,23 ROBLIN AVE,Toronto, Ontario ,M4C3P7,51-99 years,"Royal Lepage Flower City Realty, Brokerage",33.00 x 110 Feet,2000-2500 sqft,2-Storey,"$3,879 /yr",Detached,73,East York,1795000,,,,,,02-Feb-20
E4673736,43.702934,-79.302865,149 FERRIS RD,Toronto, Ontario ,M4B1G7,New,"Forest Hill Real Estate Inc., Brokerage",33.01 x 110 Feet,No Data,2-Storey,"$3,083 /yr",Detached,41,O'connor-parkview,1798888,,,,,,22-Jan-20
W4611830,43.706028,-79.440963,8 STAYNER AVE,Toronto, Ontario ,M6B1N4,No Data,"Re/max Realtron Realty Inc., Brokerage",50.00 x 125 Feet,No Data,2-Storey,"$6,320 /yr",Detached,83,Yorkdale-glen Park,1799000,,,,,,18-Oct-19
C4676837,43.730037,-79.413736,314 ST GERMAIN AVE,Toronto, Ontario ,M5M1W3,No Data,"Home Land Plus Realty Ltd., Brokerage",25.00 x 150 Feet,No Data,2-Storey,"$6,600 /yr",Detached,79,Lawrence Park North,1799000,,,,,,27-Jan-20
C4678641,43.683929,-79.434984,57 ROSENEATH GDNS,Toronto, Ontario ,M6C3X5,0-5 years,"Psr, Brokerage",25.00 x 106 Feet,2500-3000 sqft,3-Storey,"$5,667 /yr",Detached,71,Oakwood-vaughan,1799000,,,,,,29-Jan-20
E4646623,43.697519,-79.327918,29 TREADWAY BLVD,Toronto, Ontario ,M4C3H6,No Data,"Future Group Realty Services Ltd., Brokerage",34.00 x 100 Feet,No Data,2-Storey,"$3,848 /yr",Detached,65,East York,1799000,,,,,,03-Dec-19
E4677292,43.672142,-79.284291,1 BALMY AVE E,Toronto, Ontario ,M4E1C7,No Data,"Desai Realty Inc., Brokerage",23.00 x 70 Feet,No Data,3-Storey,"$6,565 /yr",Detached,76,The Beaches,1799900,,,,,,27-Jan-20
W4678791,43.720497,-79.475113,179 CORNELIUS PKWY,Toronto, Ontario ,M6L2K8,0-5 years,"Intercity Realty Inc., Brokerage",45.00 x 139.9 Feet,3000-3500 sqft,2-Storey,"$5,864 /yr",Detached,16,Maple Leaf,1829000,,,,,,29-Jan-20
E4654421,43.734418,-79.299578,51 VERNON RD,Toronto, Ontario ,M1R1J1,New,"Aimhome Realty Inc., Brokerage",42.00 x 125 Feet,3500-5000 sqft,2-Storey,"$3,081 /yr",Detached,53,Wexford-maryvale,1838000,,,,,,17-Dec-19
W4677334,43.696938,-79.522295,2 YORKLEIGH AVE,Toronto, Ontario ,M9P1Y1,6-15 years,"Re/max West Realty Inc., Brokerage",45.00 x 120 Feet,No Data,2-Storey,"$6,185 /yr",Detached,79,Humber Heights,1847700,,,,,,28-Jan-20
W4682242,43.716797,-79.500638,95A FALSTAFF AVE,Toronto, Ontario ,M6L2E2,New,"Royal Lepage Realty Centre, Brokerage",33.00 x 205.28 Feet,3000-3500 sqft,2-Storey,No Data,Detached,31,Maple Leaf,1849900,,,,,,03-Feb-20
W4682242,43.716797,-79.500638,95A FALSTAFF AVE,Toronto, Ontario ,M6L2E2,New,"Royal Lepage Realty Centre, Brokerage",33.00 x 205.28 Feet,3000-3500 sqft,2-Storey,No Data,Detached,31,Maple Leaf,1849900,,,,,,03-Feb-20
C4679427,43.729859,-79.344318,168 COTTONWOOD DR,Toronto, Ontario ,M3C2B4,No Data,"Keller Williams Advantage Realty, Brokerage",60.00 x 103.53 Feet,No Data,Sidesplit 3,"$6,276 /yr",Detached,62,Banbury-don Mills,1874900,,,,,,30-Jan-20
C4669696,43.706844,-79.419595,598 ROSELAWN AVE,Toronto, Ontario ,M5N1K5,No Data,"Psr, Brokerage",18.96 x 129.99 Feet,No Data,3-Storey,"$7,816 /yr",Detached,60,Forest Hill North,1888000,,,,,,16-Jan-20
C4679840,43.718583,-79.415688,17 OTTER CRES,Toronto, Ontario ,M5N2W3,No Data,"Engel & Volkers Toronto Central, Brokerage",42.13 x 130.37 Feet,No Data,2-Storey,"$8,149 /yr",Detached,63,Bedford Park-nortown,1889000,,,,,,30-Jan-20
E4645939,43.707879,-79.320744,67 PRESTEIGN AVE,Toronto, Ontario ,M4B3B1,No Data,"Forest Hill Real Estate Inc., Brokerage",38.00 x 110 Feet,2000-2500 sqft,2-Storey,"$8,478 /yr",Detached,45,O'connor-parkview,1899000,,,,,,02-Dec-19
C4661588,43.726825,-79.432973,24 RANEE AVE,Toronto, Ontario ,M6A1M6,0-5 years,"Right At Home Realty Inc., Brokerage",25.00 x 132 Feet,No Data,2-Storey,"$7,524 /yr",Detached,74,Englemount-lawrence,1899000,,,,,,06-Jan-20
C4681823,43.689157,-79.371393,62 STANDISH AVE,Toronto, Ontario ,M4W3B1,No Data,"Royal Lepage Real Estate Services Heaps Estrin Team, Brokera",25.00 x 136 Feet,No Data,2-Storey,"$9,040 /yr",Detached,32,Rosedale-moore Park,1899000,,,,,,03-Feb-20
30782210,43.722991,-79.440527,80 Lynnhaven Drive,Toronto, Ontario ,M6A2K9,No Data,Sutton Group Incentive Realty Inc. Brokerage,No Data,No Data,2 Level,No Data,House/Single Family,47,Tcel - Englemount-lawrence,1899800,,,,,,19-Dec-19
C4655487,43.723021,-79.440523,80 LYNNHAVEN RD,Toronto, Ontario ,M6A2K9,0-5 years,"Sutton Group Incentive Realty Inc., Brokerage",46.03 x 123.3 Feet,3000-3500 sqft,2-Storey,"$9,245 /yr",Detached,47,Englemount-lawrence,1899800,,,,,,18-Dec-19
W4663287,43.648283,-79.471958,1 VALLEYMEDE RD,Toronto, Ontario ,M6S1G8,No Data,"Right At Home Realty Inc., Brokerage",39.73 x 106 Feet,No Data,2-Storey,"$8,690 /yr",Detached,66,High Park-swansea,1910000,,,,,,08-Jan-20
C4671911,43.727885,-79.387932,263 LAWRENCE AVE E,Toronto, Ontario ,M4N1T6,No Data,"Re/max Hallmark Joy Verde Group Realty, Brokerage",50.00 x 139.37 Feet,2500-3000 sqft,2-Storey,"$8,272 /yr",Detached,36,Bridle Path-sunnybrook-york Mills,1925000,,,,,,20-Jan-20
W4668470,43.722059,-79.538016,17 JASMINE RD,Toronto, Ontario ,M9M2P8,0-5 years,"Forest Hill Real Estate Inc., Brokerage",62.17 x 107.75 Feet,3500-5000 sqft,2-Storey,"$7,879 /yr",Detached,19,Humberlea-pelmo Park W5,1938000,,,,,,15-Jan-20
C4633591,43.70275,-79.368618,77 MCRAE DR,Toronto, Ontario ,M4G1S3,No Data,"Re/max Realtron Realty Inc., Brokerage",30.00 x 120 Feet,No Data,2-Storey,"$7,632 /yr",Detached,87,Leaside,1949000,,,,,,13-Nov-19
E4605834,43.731105,-79.300633,1 SHANEEN BLVD,Toronto, Ontario ,M1R1B6,0-5 years,"Re/max Ace Realty Inc., Brokerage",72.33 x 115 Feet,3500-5000 sqft,2-Storey,No Data,Detached,70,Wexford-maryvale,1949900,,,,,,13-Oct-19
C4653536,43.731699,-79.43022,127 BANNOCKBURN AVE,Toronto, Ontario ,M5M2N2,No Data,"Forest Hill Real Estate Inc., Brokerage",47.86 x 150 Feet,2000-2500 sqft,Bungalow,"$8,707 /yr",Detached,80,Bedford Park-nortown,1950000,,,,,,14-Dec-19
E4640233,43.672353,-79.342353,484 PAPE AVE,Toronto, Ontario ,M4K3P8,No Data,"Ici Source Real Asset Services Inc., Brokerage",23.00 x 110 Feet,2500-3000 sqft,3-Storey,"$17,390 /yr",Detached,88,North Riverdale,1988000,,,,,,22-Nov-19
C4493764,43.710821,-79.433973,623 GLENCAIRN AVE,Toronto, Ontario ,M6B1Z6,No Data,"Right At Home Realty Inc., Brokerage",33.50 x 133.25 Feet,3000-3500 sqft,2-Storey,"$8,184 /yr",Detached,59,Englemount-lawrence,1990000,,,,,,21-Jun-19
C4678384,43.679048,-79.421555,107 ALCINA AVE,Toronto, Ontario ,M6G2E7,No Data,"Slavens & Associates Real Estate Inc., Brokerage",25.00 x 149 Feet,No Data,3-Storey,"$6,633 /yr",Detached,80,Wychwood,1995000,,,,,,29-Jan-20
E4677310,43.677227,-79.281649,78 VICTORIA PARK AVE,Toronto, Ontario ,M4E3R9,No Data,"Real Estate Homeward, Brokerage",29.00 x 255 Feet,2500-3000 sqft,2-Storey,"$5,120 /yr",Detached,70,The Beaches,1999000,,,,,,27-Jan-20
W4682548,43.66861,-79.4259,1012 SHAW ST,Toronto, Ontario ,M6G3N1,0-5 years,"Citysites Realty Inc., Brokerage",20.33 x 80 Feet,2500-3000 sqft,3-Storey,"$6,100 /yr",Detached,85,Dovercourt-wallace Emerson-junction,1999000,,,,,,03-Feb-20
W4682548,43.66861,-79.4259,1012 SHAW ST,Toronto, Ontario ,M6G3N1,0-5 years,"Citysites Realty Inc., Brokerage",20.33 x 80 Feet,2500-3000 sqft,3-Storey,"$6,100 /yr",Detached,85,Dovercourt-wallace Emerson-junction,1999000,,,,,,03-Feb-20
W4682548,43.66861,-79.4259,1012 SHAW ST,Toronto, Ontario ,M6G3N1,0-5 years,"Citysites Realty Inc., Brokerage",20.33 x 80 Feet,2500-3000 sqft,3-Storey,"$6,100 /yr",Detached,85,Dovercourt-wallace Emerson-junction,1999000,,,,,,03-Feb-20
W4577690,43.704128,-79.487899,61 RIDGE POINT CRES,Toronto, Ontario ,M6M2Z7,0-5 years,"Re/max Premier Inc., Brokerage",50.00 x 122 Feet,3500-5000 sqft,2-Storey,No Data,Detached,53,Brookhaven-amesbury,1999888,,,,,,15-Sep-19
W4598659,43.715231,-79.492205,286 RUSTIC RD,Toronto, Ontario ,M6L1W4,No Data,"Re/max Premier Inc., Brokerage",50.00 x 155.37 Feet,No Data,2-Storey,"$8,166 /yr",Detached,16,Rustic,1999900,,,,,,04-Oct-19
W4622642,43.72931,-79.462162,32 WESTDALE DR,Toronto, Ontario ,M3K1A5,No Data,"Re/max Realtron Realty Inc., Brokerage",51.00 x 137.5 Feet,No Data,2-Storey,No Data,Detached,53,Downsview-roding-cfb,1999999,,,,,,31-Oct-19
E4096124,43.678415,-79.352572,28 CHESTER AVE,Toronto, Ontario ,M4K2Z9,No Data,"My Move Realty, Brokerage",25.00 x 134 Feet,No Data,2 1/2 Storey,"$5,022 /yr",Detached,95,Playter Estates-danforth,1999999,,,,,,12-Apr-18
C4677934,43.73339,-79.418025,201 BROOKE AVE,Toronto, Ontario ,M5M2K7,No Data,"Royal Lepage/j & D Division, Brokerage",30.00 x 130 Feet,No Data,2-Storey,"$9,003 /yr",Detached,78,Bedford Park-nortown,2049000,,,,,,28-Jan-20
C4675024,43.654125,-79.441563,362 LANSDOWNE AVE,Toronto, Ontario ,M6H3Y3,No Data,"Century 21 People`s Choice Realty Inc., Brokerage",20.01 x 118.08 Feet,No Data,3-Storey,"$6,000 /yr",Detached,88,Dufferin Grove,2079000,,,,,,23-Jan-20
E4655996,43.692955,-79.333396,4 DERWYN RD,Toronto, Ontario ,M4J4M8,No Data,"Homelife Frontier Realty Inc., Brokerage",38.50 x 125 Feet,No Data,2-Storey,"$3,999 /yr",Detached,68,East York,2088000,,,,,,19-Dec-19
W4618328,43.694434,-79.478283,7 FREEMAN RD,Toronto, Ontario ,M6M4E7,0-5 years,"Harvey Kalles Real Estate Ltd., Brokerage",145.72 x 129.7 Feet,3500-5000 sqft,2-Storey,"$14,466 /yr",Detached,52,Beechborough-greenbrook,2107000,,,,,,26-Oct-19
W4679685,43.675898,-79.544903,17 TETTENHALL RD,Toronto, Ontario ,M9A2C2,No Data,"Harvey Kalles Real Estate Ltd., Brokerage",63.32 x 120 Feet,No Data,Bungalow,"$7,834 /yr",Detached,53,Princess-rosethorn,2149000,,,,,,30-Jan-20
C4682494,43.711751,-79.382117,30 WALDER AVE,Toronto, Ontario ,M4P2R6,No Data,"Forest Hill Real Estate Inc., Brokerage",31.04 x 100 Feet,No Data,2-Storey,"$7,808 /yr",Detached,86,Mount Pleasant East,2158000,,,,,,03-Feb-20
C4682494,43.711751,-79.382117,30 WALDER AVE,Toronto, Ontario ,M4P2R6,No Data,"Forest Hill Real Estate Inc., Brokerage",31.04 x 100 Feet,No Data,2-Storey,"$7,808 /yr",Detached,86,Mount Pleasant East,2158000,,,,,,03-Feb-20
C4682494,43.711751,-79.382117,30 WALDER AVE,Toronto, Ontario ,M4P2R6,No Data,"Forest Hill Real Estate Inc., Brokerage",31.04 x 100 Feet,No Data,2-Storey,"$7,808 /yr",Detached,86,Mount Pleasant East,2158000,,,,,,03-Feb-20
C4677327,43.704502,-79.41665,66 LATIMER AVE,Toronto, Ontario ,M5N2L8,16-30 years,"Re/max Hallmark Realty Ltd., Brokerage",25.00 x 110 Feet,No Data,2-Storey,"$8,970 /yr",Detached,83,Forest Hill North,2195000,,,,,,28-Jan-20
E4667364,43.672127,-79.342705,270 WITHROW AVE,Toronto, Ontario ,M4K1E4,51-99 years,"Royal Lepage Supreme Realty, Brokerage",25.00 x 125 Feet,3500-5000 sqft,2-Storey,"$10,001 /yr",Detached,88,North Riverdale,2199000,,,,,,14-Jan-20
C4674736,43.728329,-79.406715,97 CRANBROOKE AVE,Toronto, Ontario ,M5M1M6,No Data,"Royal Lepage/j & D Division, Brokerage",25.00 x 80 Feet,No Data,2-Storey,"$8,090 /yr",Detached,79,Lawrence Park North,2199000,,,,,,23-Jan-20
W4681817,43.660391,-79.541987,112 RATHBURN RD,Toronto, Ontario ,M9A1R7,16-30 years,"Re/max Professionals Inc., Brokerage",70.00 x 165 Feet,3000-3500 sqft,2-Storey,"$8,611 /yr",Detached,33,Princess-rosethorn,2199000,,,,,,03-Feb-20
W4572209,43.642712,-79.548157,52 CHARLESTON RD,Toronto, Ontario ,M9B4M9,New,"Royal Lepage Signature Realty, Brokerage",40.00 x 140 Feet,2500-3000 sqft,2-Storey,"$4,122 /yr",Detached,57,Islington-city Centre West,2199999,,,,,,10-Sep-19
W4622629,43.733047,-79.486273,60 CALVINGTON DR,Toronto, Ontario ,M3M2L8,New,"Century 21 Leading Edge Realty Inc., Brokerage",50.00 x 160 Feet,3500-5000 sqft,2-Storey,"$4,500 /yr",Detached,57,Downsview-roding-cfb,2200000,,,,,,31-Oct-19
C4677376,43.71487,-79.365586,292 LAIRD DR,Toronto, Ontario ,M4G3X5,No Data,"Bosley Real Estate Ltd., Brokerage",36.00 x 100 Feet,2000-2500 sqft,2-Storey,"$10,373 /yr",Detached,72,Leaside,2249000,,,,,,28-Jan-20
E4653939,43.674752,-79.303902,283 KENILWORTH AVE,Toronto, Ontario ,M4L3S9,6-15 years,"Cloud Realty, Brokerage",22.17 x 105 Feet,2500-3000 sqft,3-Storey,"$9,700 /yr",Detached,74,The Beaches,2250000,,,,,,16-Dec-19
C4671485,43.656212,-79.363469,8 TREFANN ST,Toronto, Ontario ,M5A3Y3,No Data,"Royal Lepage Signature Realty Erica Reddy, Brokerage",28.51 x 25.1 Feet,2000-2500 sqft,3-Storey,"$7,906 /yr",Detached,91,Regent Park,2250000,,,,,,20-Jan-20
C4682018,43.728569,-79.433709,22 SULTANA AVE,Toronto, Ontario ,M5A1S8,No Data,"Sutton Group-admiral Realty Inc., Brokerage",41.25 x 132 Feet,No Data,2-Storey,"$11,127 /yr",Detached,82,Englemount-lawrence,2295000,,,,,,03-Feb-20
W4631024,43.677553,-79.546953,183 PRINCESS ANNE CRES,Toronto, Ontario ,M9A2R8,51-99 years,"Harvey Kalles Real Estate Ltd., Brokerage",65.00 x 257.37 Feet,3500-5000 sqft,2-Storey,"$8,792 /yr",Detached,63,Princess-rosethorn,2298000,,,,,,10-Nov-19
C4639188,43.687316,-79.43337,193 ATLAS AVE,Toronto, Ontario ,M6C3P6,No Data,"Royal Lepage Signature Realty, Brokerage",25.00 x 103 Feet,No Data,2-Storey,"$3,298 /yr",Detached,51,Humewood-cedarvale,2298000,,,,,,21-Nov-19
C4674291,43.705694,-79.43261,57 RIDELLE AVE,Toronto, Ontario ,M6B1J1,No Data,"Re/max Imperial Realty Inc., Brokerage",50.00 x 112 Feet,No Data,2-Storey,"$9,000 /yr",Detached,29,Forest Hill North,2299000,,,,,,23-Jan-20
E4636349,43.706801,-79.319664,6 ASHALL BLVD,Toronto, Ontario ,M4B3C1,New,"Royal Lepage Urban Realty, Brokerage",36.87 x 106.97 Feet,2500-3000 sqft,2-Storey,No Data,Detached,60,O'connor-parkview,2299900,,,,,,18-Nov-19
W4669015,43.667765,-79.545131,75 PRINCE GEORGE DR,Toronto, Ontario ,M9A1Y5,51-99 years,"Right At Home Realty Inc., Brokerage",69.16 x 119.8 Feet,No Data,Sidesplit 4,"$9,233 /yr",Detached,11,Princess-rosethorn,2365000,,,,,,15-Jan-20
W4677165,43.646978,-79.486016,12 MOSSOM RD,Toronto, Ontario ,M6S1M1,6-15 years,"Royal Lepage Real Estate Services Ltd., Brokerage",21.23 x 89.67 Feet,No Data,2-Storey,"$8,161 /yr",Detached,79,High Park-swansea,2375000,,,,,,27-Jan-20
E4660084,43.695148,-79.340505,343 O'CONNOR DR,Toronto, Ontario ,M4J2V4,New,"One Percent Realty Ltd., Brokerage",34.00 x 100 Feet,No Data,2-Storey,"$3,343 /yr",Detached,60,East York,2380000,,,,,,03-Jan-20
C4667199,43.728132,-79.388988,254 LAWRENCE AVE E,Toronto, Ontario ,M4N1T4,No Data,"Century 21 Atria Realty Inc., Brokerage",50.00 x 115 Feet,No Data,2-Storey,"$9,627 /yr",Detached,42,Bridle Path-sunnybrook-york Mills,2380000,,,,,,14-Jan-20
C4649342,43.722111,-79.404914,62 CHATSWORTH DR,Toronto, Ontario ,M4R1R7,No Data,"Keller Williams Referred Urban Realty, Brokerage",40.00 x 107 Feet,No Data,2-Storey,"$9,019 /yr",Detached,71,Lawrence Park South,2398000,,,,,,06-Dec-19
C4678695,43.725848,-79.411483,204 BEDFORD PARK AVE,Toronto, Ontario ,M5M1J3,No Data,"Harvey Kalles Real Estate Ltd., Brokerage",20.01 x 125 Feet,No Data,3-Storey,"$10,181 /yr",Detached,49,Lawrence Park North,2399000,,,,,,29-Jan-20
W4578492,43.718055,-79.451406,19 BENALTO RD,Toronto, Ontario ,M6A2R7,No Data,"Intercity Realty Inc., Brokerage",45.00 x 120 Feet,No Data,2-Storey,No Data,Detached,73,Yorkdale-glen Park,2399000,,,,,,16-Sep-19
W4642167,43.655231,-79.499036,106 BABY POINT RD,Toronto, Ontario ,M6S2G3,No Data,"Chestnut Park Real Estate Limited, Brokerage",50.00 x 234 Feet,No Data,2-Storey,"$10,270 /yr",Detached,9,Lambton Baby Point,2475000,,,,,,26-Nov-19
W4678472,43.648012,-79.453884,191 GRENADIER RD,Toronto, Ontario ,M6R1R8,100 years,"Royal Lepage Connect Realty, Brokerage",25.00 x 90 Feet,No Data,2 1/2 Storey,"$8,416 /yr",Detached,77,High Park-swansea,2499000,,,,,,29-Jan-20
W4666195,43.654246,-79.481019,104 COLBECK ST,Toronto, Ontario ,M6S1V4,100 years,"Ipro Realty Ltd., Brokerage",30.00 x 114 Feet,2500-3000 sqft,2-Storey,"$5,891 /yr",Detached,72,Runnymede-bloor West Village,2499000,,,,,,13-Jan-20
W4640622,43.658669,-79.545295,84 HILLCROFT DR,Toronto, Ontario ,M9B4X9,No Data,"Royal Lepage Signature Realty, Brokerage",45.00 x 117.16 Feet,3500-5000 sqft,2-Storey,"$4,253 /yr",Detached,19,Islington-city Centre West,2499000,,,,,,22-Nov-19
C4646994,43.702691,-79.364442,147 SUTHERLAND DR,Toronto, Ontario ,M4G1H8,0-5 years,"Royal Lepage Real Estate Services Heaps Estrin Team, Brokera",27.00 x 140 Feet,No Data,2-Storey,"$6,636 /yr",Detached,81,Leaside,2499000,,,,,,03-Dec-19
C4680670,43.725913,-79.41565,388 WOBURN AVE,Toronto, Ontario ,M5M1L5,New,"Home Land Plus Realty Ltd., Brokerage",20.00 x 120 Feet,2000-2500 sqft,3-Storey,No Data,Detached,73,Lawrence Park North,2499000,,,,,,31-Jan-20
E4673728,43.681355,-79.277906,6 LYNNDALE RD,Toronto, Ontario ,M1N1C1,No Data,"Proxy Real Property Inc., Brokerage",40.00 x 99 Feet,2500-3000 sqft,2-Storey,"$7,071 /yr",Detached,79,Birchcliffe-cliffside,2499000,,,,,,22-Jan-20
C4668439,43.735786,-79.423773,257 JOICEY BLVD,Toronto, Ontario ,M5M2V6,No Data,"Home Land Plus Realty Ltd., Brokerage",50.00 x 115 Feet,No Data,Bungalow,"$5,800 /yr",Detached,35,Bedford Park-nortown,2499000,,,,,,15-Jan-20
C4681377,43.667216,-79.406877,27 DALTON RD,Toronto, Ontario ,M2P1A9,No Data,"Harvey Kalles Real Estate Ltd., Brokerage",34.00 x 78.83 Feet,No Data,3-Storey,"$7,299 /yr",Detached,97,Annex,2499900,,,,,,01-Feb-20
C4681811,43.73377,-79.402974,31 GLEN ECHO RD,Toronto, Ontario ,M4N2E2,No Data,"Re/max Premier Inc., Brokerage",57.92 x 89.95 Feet,No Data,2-Storey,"$10,268 /yr",Detached,81,Lawrence Park North,2500000,,,,,,03-Feb-20
W4676610,43.654998,-79.515663,61 PRINCETON RD,Toronto, Ontario ,M8X2E3,0-5 years,"Royal Lepage Real Estate Services Ltd., Brokerage",35.01 x 120 Feet,2500-3000 sqft,2-Storey,"$11,375 /yr",Detached,47,Kingsway South,2549900,,,,,,27-Jan-20
C4672633,43.684769,-79.386668,44 SUMMERHILL GDNS,Toronto, Ontario ,M4T1B4,No Data,"Harvey Kalles Real Estate Ltd., Brokerage",31.00 x 110 Feet,No Data,3-Storey,"$11,695 /yr",Detached,52,Rosedale-moore Park,2550000,,,,,,21-Jan-20
C4672633,43.684769,-79.386668,44 SUMMERHILL GDNS,Toronto, Ontario ,M4T1B4,No Data,"Harvey Kalles Real Estate Ltd., Brokerage",31.00 x 110 Feet,No Data,3-Storey,"$11,695 /yr",Detached,52,Rosedale-moore Park,2550000,,,,,,21-Jan-20
C4682458,43.72196,-79.388985,9 PINEDALE RD,Toronto, Ontario ,M4N3A4,51-99 years,"Chestnut Park Real Estate Limited, Brokerage",39.70 x 159.5 Feet,2500-3000 sqft,2-Storey,"$10,079 /yr",Detached,24,Bridle Path-sunnybrook-york Mills,2550000,,,,,,03-Feb-20
C4682458,43.72196,-79.388985,9 PINEDALE RD,Toronto, Ontario ,M4N3A4,51-99 years,"Chestnut Park Real Estate Limited, Brokerage",39.70 x 159.5 Feet,2500-3000 sqft,2-Storey,"$10,079 /yr",Detached,24,Bridle Path-sunnybrook-york Mills,2550000,,,,,,03-Feb-20
C4666500,43.716968,-79.414477,254 GLENGROVE AVE,Toronto, Ontario ,M5N1W1,No Data,"Re/max Ultimate Realty Inc., Brokerage",40.00 x 140 Feet,No Data,2-Storey,"$9,555 /yr",Detached,44,Lawrence Park South,2550000,,,,,,13-Jan-20
C4668524,43.734817,-79.425631,106 DUNBLAINE AVE,Toronto, Ontario ,M5M2S3,No Data,"Harvey Kalles Real Estate Ltd., Brokerage",29.00 x 134.42 Feet,No Data,2-Storey,"$10,480 /yr",Detached,40,Bedford Park-nortown,2575000,,,,,,15-Jan-20
C4680665,43.736348,-79.351146,41 TREMONT CRES,Toronto, Ontario ,M3B2R9,No Data,"Royal Lepage Real Estate Services Nancy Saedi, Brokerage",60.00 x 100 Feet,No Data,2-Storey,"$8,691 /yr",Detached,74,Banbury-don Mills,2580000,,,,,,31-Jan-20
C4670452,43.705616,-79.383006,298 MANOR RD E,Toronto, Ontario ,M4S1S2,0-5 years,"Mccann Realty Group Ltd., Brokerage",25.49 x 122 Feet,2000-2500 sqft,2-Storey,"$9,886 /yr",Detached,81,Mount Pleasant East,2589000,,,,,,17-Jan-20
C4661893,43.662153,-79.421516,707 CRAWFORD ST,Toronto, Ontario ,M6G3K1,No Data,"Re/max Realtron Realty Inc., Brokerage",20.00 x 116 Feet,No Data,3-Storey,"$5,565 /yr",Detached,95,Palmerston-little Italy,2590000,,,,,,07-Jan-20
C4676957,43.731924,-79.426176,330 BROOKE AVE,Toronto, Ontario ,M5M2L3,No Data,"Harvey Kalles Real Estate Ltd., Brokerage",40.83 x 130 Feet,No Data,2-Storey,"$12,489 /yr",Detached,29,Bedford Park-nortown,2595000,,,,,,27-Jan-20
C4668782,43.72291,-79.419179,367 DOUGLAS AVE,Toronto, Ontario ,M5M1H3,No Data,"Harvey Kalles Real Estate Ltd., Brokerage",24.00 x 106 Feet,No Data,2-Storey,No Data,Detached,48,Bedford Park-nortown,2595000,,,,,,15-Jan-20
C4448520,43.721497,-79.395634,98 DAWLISH AVE,Toronto, Ontario ,M4N1H1,51-99 years,"Bay Street Group Inc., Brokerage",50.08 x 150 Feet,No Data,2 1/2 Storey,"$10,699 /yr",Detached,59,Lawrence Park South,2598000,,,,,,13-May-19
W4643941,43.643446,-79.5197,129 MEADOWVALE DR,Toronto, Ontario ,M8Z3K2,No Data,"Ipro Realty Ltd., Brokerage",40.00 x 110 Feet,3500-5000 sqft,2-Storey,"$4,688 /yr",Detached,85,Stonegate-queensway,2598000,,,,,,28-Nov-19
W4673610,43.64151,-79.448712,221 PEARSON AVE,Toronto, Ontario ,M6R1G6,No Data,"Re/max Premier Inc., Brokerage",26.00 x 120.58 Feet,No Data,3-Storey,"$6,742 /yr",Detached,88,High Park-swansea,2599000,,,,,,22-Jan-20
C4560833,43.731504,-79.431395,141B BANNOCKBURN AVE,Toronto, Ontario ,M5M2N4,New,"Re/max Realtron Robert Kroll Realty, Brokerage",25.00 x 129.99 Feet,2000-2500 sqft,2-Storey,"$3,400 /yr",Detached,83,Bedford Park-nortown,2599000,,,,,,30-Aug-19
C4655557,43.711293,-79.436457,149 GLEN PARK AVE,Toronto, Ontario ,M6B2C6,No Data,"Re/max Real Estate Centre Inc., Brokerage",40.00 x 132 Feet,No Data,2-Storey,"$8,000 /yr",Detached,40,Englemount-lawrence,2599000,,,,,,19-Dec-19
C4604864,43.72153,-79.423729,458 GLENGARRY AVE,Toronto, Ontario ,M5M1G1,No Data,"Homelife Golconda Realty Inc., Brokerage",48.00 x 106 Feet,3500-5000 sqft,2-Storey,"$8,162 /yr",Detached,68,Bedford Park-nortown,2600000,,,,,,10-Oct-19
W4679485,43.66771,-79.544049,24 BLAIR ATHOL CRES,Toronto, Ontario ,M9A1X5,51-99 years,"Harvey Kalles Real Estate Ltd., Brokerage",66.00 x 120.75 Feet,1500-2000 sqft,Bungalow,"$7,114 /yr",Detached,17,Edenbridge-humber Valley,2650000,,,,,,30-Jan-20
W4621702,43.66064,-79.460128,168 INDIAN ROAD CRES,Toronto, Ontario ,M6P2G3,New,"Psr, Brokerage",25.00 x 133 Feet,2500-3000 sqft,2-Storey,No Data,Detached,74,Junction Area,2650000,,,,,,30-Oct-19
C4667330,43.716381,-79.439995,120 FAIRHOLME AVE,Toronto, Ontario ,M6B2W9,No Data,"Homelife Golconda Realty Inc., Brokerage",50.00 x 103 Feet,3500-5000 sqft,2-Storey,"$12,330 /yr",Detached,59,Englemount-lawrence,2688000,,,,,,14-Jan-20
C4672722,43.722059,-79.427327,627 BEDFORD PARK AVE,Toronto, Ontario ,M5M1K4,16-30 years,"Re/max Hallmark Realty Ltd., Brokerage",40.00 x 120 Feet,3000-3500 sqft,2-Storey,"$12,547 /yr",Detached,75,Bedford Park-nortown,2688800,,,,,,21-Jan-20
C4678931,43.730697,-79.408933,155 ST GERMAIN AVE,Toronto, Ontario ,M5M1W2,No Data,"Royal Lepage/j & D Division, Brokerage",25.00 x 150 Feet,No Data,3-Storey,"$11,153 /yr",Detached,80,Lawrence Park North,2695000,,,,,,29-Jan-20
C4681941,43.732766,-79.42248,282 BROOKE AVE,Toronto, Ontario ,M5M2L2,6-15 years,"Harvey Kalles Real Estate Ltd., Brokerage",41.87 x 130 Feet,3500-5000 sqft,2-Storey,"$13,580 /yr",Detached,73,Bedford Park-nortown,2695000,,,,,,03-Feb-20
C4674727,43.689047,-79.401479,126 HEATH ST W,Toronto, Ontario ,M4V1T7,No Data,"Re/max Realtron Robert Kroll Realty, Brokerage",31.76 x 85.5 Feet,No Data,3-Storey,"$10,471 /yr",Detached,85,Yonge-st. Clair,2695000,,,,,,23-Jan-20
E4616944,43.681828,-79.332331,663 GREENWOOD AVE,Toronto, Ontario ,M4J4B3,No Data,"Forest Hill Real Estate Inc., Brokerage",45.00 x 35 Feet,No Data,3-Storey,"$16,224 /yr",Detached,95,Danforth,2698000,,,,,,24-Oct-19
C4672843,43.729483,-79.429454,577 OLD ORCHARD GRVE,Toronto, Ontario ,M5M2H2,No Data,"Re/max Hallmark Realty Ltd., Brokerage",37.50 x 149.44 Feet,No Data,2-Storey,"$12,314 /yr",Detached,63,Bedford Park-nortown,2699999,,,,,,21-Jan-20
W4677636,43.644462,-79.45269,261 WRIGHT AVE,Toronto, Ontario ,M6R1L7,No Data,"Keller Williams Referred Urban, Trust Realty Group, Brokerag",27.50 x 100 Feet,No Data,3-Storey,"$8,239 /yr",Detached,79,High Park-swansea,2700000,,,,,,28-Jan-20
W4661815,43.658269,-79.512544,134 STRATH AVE,Toronto, Ontario ,M8X1R5,No Data,"Sutton Group - Old Mill Linda Tickins Inc., Brokerage",45.25 x 89 Feet,3000-3500 sqft,2-Storey,"$12,391 /yr",Detached,68,Kingsway South,2725000,,,,,,07-Jan-20
C4657270,43.710381,-79.400763,49 ROSELAWN AVE,Toronto, Ontario ,M4R1E5,No Data,"Century 21 Atria Realty Inc., Brokerage",25.00 x 134.83 Feet,No Data,2-Storey,"$5,865 /yr",Detached,93,Yonge-eglinton,2749000,,,,,,24-Dec-19
C4657271,43.71042,-79.400669,47 ROSELAWN AVE,Toronto, Ontario ,M4R1E5,No Data,"Century 21 Atria Realty Inc., Brokerage",25.00 x 134.83 Feet,No Data,2-Storey,"$5,189 /yr",Detached,93,Yonge-eglinton,2749000,,,,,,24-Dec-19
C4677716,43.717785,-79.42765,179 CARIBOU RD,Toronto, Ontario ,M5N2B5,0-5 years,"Adenat Real Estate Ltd., Brokerage",35.80 x 117 Feet,3500-5000 sqft,3-Storey,"$8,161 /yr",Detached,74,Bedford Park-nortown,2750000,,,,,,28-Jan-20
C4653945,43.704736,-79.385568,273 MANOR RD E,Toronto, Ontario ,M4S1S3,No Data,"Sutton Group-admiral Realty Inc., Brokerage",25.00 x 125 Feet,2000-2500 sqft,2-Storey,No Data,Detached,93,Mount Pleasant East,2768000,,,,,,16-Dec-19
C4680657,43.734131,-79.429049,154 DUNBLAINE AVE,Toronto, Ontario ,M5M2S3,No Data,"Right At Home Realty Inc., Brokerage",40.00 x 130 Feet,No Data,2-Storey,"$14,587 /yr",Detached,23,Bedford Park-nortown,2780000,,,,,,31-Jan-20
C4599658,43.721009,-79.428401,537 DOUGLAS AVE,Toronto, Ontario ,M5M1H7,No Data,"Homelife New World Cindy Chen Realty Inc., Brokerage",40.00 x 106 Feet,3000-3500 sqft,2-Storey,"$12,600 /yr",Detached,86,Bedford Park-nortown,2780000,,,,,,05-Oct-19
C4666461,43.727045,-79.406668,82 JEDBURGH RD,Toronto, Ontario ,M5M0A9,0-5 years,"Re/max Hallmark Realty Ltd., Brokerage",34.22 x 100 Feet,No Data,3-Storey,"$9,510 /yr",Detached,75,Lawrence Park North,2788800,,,,,,13-Jan-20
W4681119,43.660015,-79.50657,34 GOVERNMENT RD,Toronto, Ontario ,M8X1V9,0-5 years,"Royal Lepage Flower City Realty, Brokerage",37.50 x 122 Feet,No Data,2-Storey,"$5,187 /yr",Detached,52,Kingsway South,2790000,,,,,,01-Feb-20
W4624433,43.647446,-79.508079,256 GRENVIEW BLVD,Toronto, Ontario ,M8Y3V3,0-5 years,"Right At Home Realty Inc., Brokerage",50.00 x 125 Feet,2500-3000 sqft,2-Storey,"$9,790 /yr",Detached,74,Stonegate-queensway,2790000,,,,,,01-Nov-19
C4662562,43.703158,-79.379315,559 MILLWOOD RD,Toronto, Ontario ,M4S1K7,New,"Royal Lepage Your Community Realty, Brokerage",25.00 x 122 Feet,2000-2500 sqft,2-Storey,No Data,Detached,77,Mount Pleasant East,2795000,,,,,,07-Jan-20
C4673004,43.701004,-79.364222,1 RANDOLPH RD,Toronto, Ontario ,M4G3R6,No Data,"Harvey Kalles Real Estate Ltd., Brokerage",29.00 x 124 Feet,No Data,2-Storey,No Data,Detached,82,Leaside,2795000,,,,,,21-Jan-20
C4679099,43.701396,-79.414319,277 CHAPLIN CRES,Toronto, Ontario ,M5P1B1,No Data,"Chestnut Park Real Estate Limited, Brokerage",65.00 x 120 Feet,No Data,2-Storey,"$10,643 /yr",Detached,79,Forest Hill South,2798000,,,,,,30-Jan-20
C4662371,43.701468,-79.377464,650 BALLIOL ST,Toronto, Ontario ,M4S1E7,New,"Homelife/bayview Realty Inc., Brokerage",25.00 x 148 Feet,No Data,2-Storey,"$6,200 /yr",Detached,75,Mount Pleasant East,2798000,,,,,,07-Jan-20
C4678459,43.712472,-79.367257,404 SUTHERLAND DR,Toronto, Ontario ,M4G1K3,No Data,"Re/max West D&s Group, Brokerage",35.00 x 100 Feet,No Data,2-Storey,"$5,286 /yr",Detached,76,Leaside,2798800,,,,,,29-Jan-20
C4681160,43.735537,-79.352298,7 CASSIDY PL,Toronto, Ontario ,M3B2S3,New,"Ecko Jay Realty Ltd., Brokerage",72.42 x 125.8 Feet,3000-3500 sqft,2-Storey,"$12,569 /yr",Detached,73,Banbury-don Mills,2799900,,,,,,01-Feb-20
C4680109,43.723794,-79.417046,318 DOUGLAS AVE,Toronto, Ontario ,M5M1H1,6-15 years,"Home Standards Brickstone Realty, Brokerage",31.00 x 109 Feet,No Data,2-Storey,"$9,491 /yr",Detached,67,Bedford Park-nortown,2880000,,,,,,31-Jan-20
E4680120,43.704284,-79.328578,9 ASPEN AVE,Toronto, Ontario ,M4B2Z1,0-5 years,"Century 21 Percy Fulton Ltd., Brokerage",49.00 x 140.79 Feet,3500-5000 sqft,2-Storey,"$10,557 /yr",Detached,20,O'connor-parkview,2880000,,,,,,31-Jan-20
W4668803,43.655341,-79.546761,35 RIVERCOVE DR,Toronto, Ontario ,M9B4Y8,0-5 years,"Re/max Professionals Inc., Brokerage",64.01 x 195 Feet,3500-5000 sqft,2-Storey,"$12,967 /yr",Detached,15,Islington-city Centre West,2888800,,,,,,15-Jan-20
C4642281,43.729715,-79.413455,303 ST GERMAIN AVE,Toronto, Ontario ,M5M1W4,No Data,"Harvey Kalles Real Estate Ltd., Brokerage",25.00 x 149 Feet,No Data,2-Storey,"$11,676 /yr",Detached,79,Bedford Park-nortown,2895000,,,,,,26-Nov-19
C4626966,43.644112,-79.426175,41 NORTHCOTE AVE,Toronto, Ontario ,M6J3K2,No Data,"Royal Lepage Real Estate Services Ltd., Brokerage",19.83 x 123 Feet,3000-3500 sqft,3-Storey,"$5,581 /yr",Detached,93,Little Portugal,2900000,,,,,,05-Nov-19
C4550756,43.721246,-79.422278,39 LEDBURY ST,Toronto, Ontario ,M5M4H1,0-5 years,"Royal Lepage Signature Realty, Brokerage",43.50 x 102.5 Feet,No Data,2-Storey,"$5,081 /yr",Detached,73,Bedford Park-nortown,2980000,,,,,,19-Aug-19
C4676555,43.735601,-79.425015,273 JOICEY BLVD,Toronto, Ontario ,M5M2V6,0-5 years,"Forest Hill Real Estate Inc., Brokerage",40.00 x 115 Feet,3000-3500 sqft,2-Storey,"$13,171 /yr",Detached,40,Bedford Park-nortown,2985000,,,,,,27-Jan-20
W4668446,43.657707,-79.533758,139 PERRY CRES,Toronto, Ontario ,M9A1K8,6-15 years,"Re/max Professionals Inc., Brokerage",62.99 x 116.3 Feet,3000-3500 sqft,2-Storey,"$11,230 /yr",Detached,37,Princess-rosethorn,2998000,,,,,,15-Jan-20
C4666328,43.717035,-79.39745,103 BLYTHWOOD RD,Toronto, Ontario ,M4N1A5,No Data,"Forest Hill Real Estate Inc., Brokerage",33.92 x 100 Feet,No Data,2 1/2 Storey,"$9,063 /yr",Detached,78,Mount Pleasant East,3125000,,,,,,13-Jan-20
C4668825,43.702239,-79.389768,116 BELSIZE DR,Toronto, Ontario ,M4S1L7,New,"Mccann Realty Group Ltd., Brokerage",34.00 x 105 Feet,No Data,2-Storey,"$6,340 /yr",Detached,93,Mount Pleasant West,3149000,,,,,,15-Jan-20
W4640194,43.663385,-79.51802,26 ASHLEY PARK RD,Toronto, Ontario ,M9A4E1,51-99 years,"Harvey Kalles Real Estate Ltd., Brokerage",80.00 x 150 Feet,3500-5000 sqft,2-Storey,"$9,834 /yr",Detached,57,Edenbridge-humber Valley,3149000,,,,,,22-Nov-19
W4659257,43.661623,-79.542625,74 THORNCREST RD,Toronto, Ontario ,M9A1S9,No Data,"Re/max Professionals Inc., Brokerage",88.25 x 201.9 Feet,No Data,2-Storey,"$14,189 /yr",Detached,40,Princess-rosethorn,3188000,,,,,,02-Jan-20
C4682300,43.732973,-79.398553,165 GOLFDALE  RD,Toronto, Ontario ,M4N2C1,51-99 years,"Sotheby`s International Realty Canada, Brokerage",50.00 x 125 Feet,2000-2500 sqft,2-Storey,"$11,997 /yr",Detached,47,Lawrence Park North,3266000,,,,,,03-Feb-20
C4682300,43.732973,-79.398553,165 GOLFDALE  RD,Toronto, Ontario ,M4N2C1,51-99 years,"Sotheby`s International Realty Canada, Brokerage",50.00 x 125 Feet,2000-2500 sqft,2-Storey,"$11,997 /yr",Detached,47,Lawrence Park North,3266000,,,,,,03-Feb-20
C4625410,43.720957,-79.380367,562 BLYTHWOOD RD W,Toronto, Ontario ,M4N1B5,31-50 years,"Royal Lepage Signature Realty, Brokerage",66.01 x 114 Feet,3000-3500 sqft,2-Storey,"$11,492 /yr",Detached,64,Bridle Path-sunnybrook-york Mills,3289000,,,,,,04-Nov-19
C4681906,43.715223,-79.424982,416 GLENGROVE AVE W,Toronto, Ontario ,M5N1X2,No Data,"Harvey Kalles Real Estate Ltd., Brokerage",45.00 x 134 Feet,3500-5000 sqft,2-Storey,"$15,627 /yr",Detached,53,Bedford Park-nortown,3295000,,,,,,03-Feb-20
C4626726,43.716575,-79.414819,265 GLENGROVE AVE W,Toronto, Ontario ,M5N1W3,16-30 years,"Forest Hill Real Estate Inc., Brokerage",50.66 x 127.05 Feet,2500-3000 sqft,2-Storey,"$12,398 /yr",Detached,41,Lawrence Park South,3395000,,,,,,05-Nov-19
W4677034,43.661235,-79.527323,14 WIMBLETON CRES,Toronto, Ontario ,M9A3X6,6-15 years,"Royal Lepage Real Estate Services Ltd., Brokerage",45.00 x 158 Feet,3500-5000 sqft,2-Storey,"$13,075 /yr",Detached,60,Edenbridge-humber Valley,3400000,,,,,,27-Jan-20
W4607351,43.653647,-79.526336,2 CHESTNUT HILLS PKWY,Toronto, Ontario ,M9A3P6,No Data,"Right At Home Realty Inc., Brokerage",60.00 x 127 Feet,No Data,2-Storey,"$8,651 /yr",Detached,77,Edenbridge-humber Valley,3449000,,,,,,15-Oct-19
C4620795,43.673464,-79.392259,15 BERRYMAN ST,Toronto, Ontario ,M5R1M7,No Data,"Revolution Realty Inc., Brokerage",25.00 x 118.17 Feet,5000 sqft,3-Storey,"$8,507 /yr",Detached,98,Annex,3450000,,,,,,29-Oct-19
E4644268,43.673618,-79.349213,37 GRANDVIEW AVE,Toronto, Ontario ,M4K1J1,No Data,"Sutton Group-admiral Realty Inc., Brokerage",23.00 x 120 Feet,3000-3500 sqft,3-Storey,"$4,914 /yr",Detached,89,North Riverdale,3488800,,,,,,28-Nov-19
C4662027,43.703664,-79.429154,51 SHALLMAR BLVD,Toronto, Ontario ,M6C2K2,No Data,"Forest Hill Real Estate Inc., Brokerage",50.00 x 120 Feet,No Data,2-Storey,"$10,296 /yr",Detached,61,Forest Hill North,3495000,,,,,,07-Jan-20
C4661970,43.724589,-79.428345,585 BROOKDALE AVE,Toronto, Ontario ,M5M1S3,No Data,"Harvey Kalles Real Estate Ltd., Brokerage",41.67 x 118 Feet,No Data,2-Storey,No Data,Detached,65,Bedford Park-nortown,3498000,,,,,,07-Jan-20
C4668506,43.689096,-79.373637,221 ROSEDALE HEIGHTS DR,Toronto, Ontario ,M4T1C7,51-99 years,"Forest Hill Real Estate Inc., Brokerage",53.60 x 325.91 Feet,2500-3000 sqft,2-Storey,"$15,222 /yr",Detached,32,Rosedale-moore Park,3499000,,,,,,15-Jan-20
C4657254,43.646716,-79.423337,195-197 DOVERCOURT RD,Toronto, Ontario ,M6J3C7,No Data,Marcus & Millichap Real Estate Investment Services Canada In,32.00 x 100 Feet,No Data,3-Storey,"$9,399 /yr",Detached,93,Trinity-bellwoods,3499000,,,,,,24-Dec-19
W4649294,43.666835,-79.536853,20 ABILENE DR,Toronto, Ontario ,M9A2M8,0-5 years,"Ipro Realty Ltd., Brokerage",78.50 x 113 Feet,3500-5000 sqft,2-Storey,"$15,100 /yr",Detached,33,Princess-rosethorn,3550000,,,,,,06-Dec-19
C4676543,43.723095,-79.396641,76 DINNICK CRES,Toronto, O,ntario,No Data,"Sutton Group-admiral Realty Inc., Brokerage",50.00 x 150 Feet,No Data,2-Storey,"$13,498 /yr",Detached,63,Lawrence Park North,3595000,,,,,,27-Jan-20
W4643044,43.676286,-79.541979,85 RAVENSBOURNE CRES,Toronto, Ontario ,M9A2B1,No Data,"Royal Lepage Porritt Real Estate, Brokerage",65.71 x 121.5 Feet,3500-5000 sqft,2-Storey,"$14,708 /yr",Detached,61,Princess-rosethorn,3598000,,,,,,27-Nov-19
C4682259,43.682855,-79.401861,19 CLARENDON AVE,Toronto, Ontario ,M4V1H8,No Data,"Revolution Realty Inc., Brokerage",32.02 x 80.25 Feet,No Data,2-Storey,"$9,474 /yr",Detached,70,Casa Loma,3600000,,,,,,03-Feb-20
C4682259,43.682855,-79.401861,19 CLARENDON AVE,Toronto, Ontario ,M4V1H8,No Data,"Revolution Realty Inc., Brokerage",32.02 x 80.25 Feet,No Data,2-Storey,"$9,474 /yr",Detached,70,Casa Loma,3600000,,,,,,03-Feb-20
C4653065,43.735456,-79.359922,7 BLAINE DR,Toronto, Ontario ,M3B2G3,No Data,"Re/max Realtron Barry Cohen Homes Inc., Brokerage",70.00 x 144.95 Feet,No Data,Bungalow,"$10,807 /yr",Detached,34,Banbury-don Mills,3680000,,,,,,13-Dec-19
C4664387,43.73607,-79.353109,11 TREMONT CRES,Toronto, Ontario ,M3B2R9,0-5 years,"Re/max Realtron Barry Cohen Homes Inc., Brokerage",60.00 x 100.1 Feet,No Data,2-Storey,"$12,690 /yr",Detached,73,Banbury-don Mills,3680000,,,,,,09-Jan-20
W4592734,43.67245,-79.523494,9 COBBLE HILLS,Toronto, Ontario ,M9A3H6,6-15 years,"Re/max Professionals Inc., Brokerage",46.00 x 233 Feet,3500-5000 sqft,2-Storey,"$15,257 /yr",Detached,19,Edenbridge-humber Valley,3730000,,,,,,30-Sep-19
C4600157,43.647337,-79.415792,179 CRAWFORD ST,Toronto, Ontario ,M6J2V5,No Data,"Wynn Realty Corporation, Brokerage",25.00 x 118 Feet,3500-5000 sqft,3-Storey,"$7,101 /yr",Detached,94,Trinity-bellwoods,3800000,,,,,,07-Oct-19
W4650395,43.66297,-79.543007,55 PHEASANT  LANE,Toronto, Ontario ,M9A1T5,31-50 years,"Re/max Realty Services Inc., Brokerage",66.72 x 155.05 Feet,3500-5000 sqft,2-Storey,"$12,280 /yr",Detached,25,Princess-rosethorn,3888000,,,,,,09-Dec-19
W4678379,43.653714,-79.511402,119 THE KINGSWAY,Toronto, Ontario ,M8X2T9,No Data,"Sutton Group - Old Mill Linda Tickins Inc., Brokerage",50.00 x 125 Feet,No Data,2-Storey,"$9,581 /yr",Detached,66,Kingsway South,3975000,,,,,,29-Jan-20
C4678761,43.724273,-79.390614,79 ROCHESTER AVE,Toronto, Ontario ,M4N1N7,16-30 years,"Royal Lepage/j & D Division, Brokerage",50.00 x 150 Feet,3000-3500 sqft,2-Storey,"$19,461 /yr",Detached,25,Lawrence Park South,3995000,,,,,,29-Jan-20
C4676441,43.702313,-79.414227,316 WARREN RD,Toronto, Ontario ,M5P2M8,No Data,"Re/max Ultimate Realty Inc., Brokerage",35.00 x 148 Feet,No Data,2-Storey,"$15,011 /yr",Detached,73,Forest Hill South,3998000,,,,,,27-Jan-20
C4676938,43.722554,-79.400203,5 ST. EDMUND'S DR,Toronto, Ontario ,M4N2P6,16-30 years,"Sotheby`s International Realty Canada, Brokerage",176.14 x 50.1 Feet,3500-5000 sqft,2 1/2 Storey,"$16,528 /yr",Detached,20,Lawrence Park North,3999000,,,,,,27-Jan-20
W4607881,43.672668,-79.525547,30 EDENBROOK HILL,Toronto, Ontario ,M9A3Z6,No Data,"Re/max Professionals Inc., Brokerage",85.01 x 159 Feet,3500-5000 sqft,Sidesplit 5,No Data,Detached,15,Edenbridge-humber Valley,3999900,,,,,,15-Oct-19
C4597462,43.726654,-79.364228,2 SHADY OAKS CRES,Toronto, Ontario ,M3C2L5,No Data,"Aimhome Realty Inc., Brokerage",151.39 x 115.48 Feet,No Data,2-Storey,"$16,645 /yr",Detached,14,Bridle Path-sunnybrook-york Mills,4180000,,,,,,03-Oct-19
C4682499,43.690305,-79.367631,7 DOUGLAS CRES,Toronto, Ontario ,M4W2E6,No Data,"Sotheby`s International Realty Canada, Brokerage",40.00 x 265 Feet,No Data,2-Storey,"$11,718 /yr",Detached,40,Leaside,4188000,,,,,,03-Feb-20
C4682499,43.690305,-79.367631,7 DOUGLAS CRES,Toronto, Ontario ,M4W2E6,No Data,"Sotheby`s International Realty Canada, Brokerage",40.00 x 265 Feet,No Data,2-Storey,"$11,718 /yr",Detached,40,Leaside,4188000,,,,,,03-Feb-20
W4669203,43.663119,-79.516705,11 ASHLEY PARK RD,Toronto, Ontario ,M9A4C9,No Data,"Re/max Professionals Inc., Brokerage",100.06 x 459.4 Feet,3500-5000 sqft,2-Storey,"$20,378 /yr",Detached,57,Edenbridge-humber Valley,4198000,,,,,,16-Jan-20
C4629842,43.692178,-79.36608,63 DOUGLAS CRES,Toronto, Ontario ,M4W2E6,6-15 years,"Re/max All-stars Realty Inc., Brokerage",34.25 x 129.75 Feet,No Data,2-Storey,"$11,873 /yr",Detached,40,Leaside,4200000,,,,,,08-Nov-19
C4675742,43.681257,-79.405744,62 RUSSELL HILL RD,Toronto, Ontario ,M4V2T2,No Data,"Chestnut Park Real Estate Limited, Brokerage",50.00 x 158.3 Feet,No Data,3-Storey,"$15,305 /yr",Detached,55,Casa Loma,4280000,,,,,,24-Jan-20
C4597403,43.714437,-79.4243,10 GLEN RUSH BLVD,Toronto, Ontario ,M5N2T3,New,"Re/max Realtron Realty Inc., Brokerage",40.00 x 140 Feet,3500-5000 sqft,2-Storey,No Data,Detached,53,Bedford Park-nortown,4288000,,,,,,03-Oct-19
C4678813,43.705689,-79.37357,35 DONEGALL DR,Toronto, Ontario ,M4G3G6,No Data,"Chestnut Park Real Estate Limited, Brokerage",37.08 x 156.71 Feet,No Data,2-Storey,"$12,659 /yr",Detached,91,Leaside,4349000,,,,,,29-Jan-20
W4596368,43.67786,-79.519862,70 NORTH DR,Toronto, Ontario ,M9A4R2,No Data,"Ipro Realty Ltd., Brokerage",95.10 x 202.33 Feet,5000 sqft,Sidesplit 3,"$15,202 /yr",Detached,28,Edenbridge-humber Valley,4388000,,,,,,02-Oct-19
W4612690,43.669834,-79.516906,46 EDGEHILL RD,Toronto, Ontario ,M9A4N5,16-30 years,"Re/max Professionals Inc., Brokerage",75.95 x 168.65 Feet,5000 sqft,2-Storey,"$15,657 /yr",Detached,38,Edenbridge-humber Valley,4398000,,,,,,21-Oct-19
W4506911,43.67733,-79.52179,92 NORTH DR,Toronto, Ontario ,M9A4R2,No Data,"Re/max Professionals Inc., Brokerage",144.50 x 390 Feet,No Data,2 1/2 Storey,"$17,850 /yr",Detached,27,Edenbridge-humber Valley,4468000,,,,,,04-Jul-19
C4632770,43.708794,-79.436598,150 VIEWMOUNT AVE,Toronto, Ontario ,M6B1T7,No Data,"Weiss Realty Ltd., Brokerage",50.00 x 140 Feet,No Data,Sidesplit 4,"$7,259 /yr",Detached,51,Englemount-lawrence,4495500,,,,,,12-Nov-19
C4643328,43.718384,-79.382713,64 BLYTH HILL RD,Toronto, Ontario ,M4N3L8,16-30 years,"Homelife Landmark Realty Inc., Brokerage",60.00 x 238 Feet,3500-5000 sqft,2-Storey,"$21,220 /yr",Detached,46,Bridle Path-sunnybrook-york Mills,4580000,,,,,,27-Nov-19
C4634423,43.686093,-79.374158,54 ST ANDREWS GDNS,Toronto, Ontario ,M4W2E1,51-99 years,"Sotheby`s International Realty Canada, Brokerage",43.50 x 145.3 Feet,3500-5000 sqft,3-Storey,"$15,757 /yr",Detached,36,Rosedale-moore Park,4595000,,,,,,14-Nov-19
W4596117,43.690542,-79.529757,1 WESTMOUNT PARK RD,Toronto, Ontario ,M9P1R4,No Data,"Re/max Professionals Inc., Brokerage",102.20 x 200 Feet,No Data,2-Storey,"$4,273 /yr",Detached,62,Humber Heights,4777700,,,,,,02-Oct-19
C4673837,43.684477,-79.39462,37 FARNHAM AVE,Toronto, Ontario ,M4V1H6,No Data,"Engel & Volkers Toronto Central, Brokerage",25.83 x 157.19 Feet,2500-3000 sqft,3-Storey,"$14,410 /yr",Detached,85,Yonge-st. Clair,4795000,,,,,,22-Jan-20
W4675324,43.670808,-79.524469,12 EDENBROOK HILL,Toronto, Ontario ,M9A3Z6,16-30 years,"Royal Lepage Terrequity Realty, Brokerage",85.00 x 150 Feet,No Data,2-Storey,"$17,833 /yr",Detached,19,Edenbridge-humber Valley,4899000,,,,,,24-Jan-20
C4676857,43.659402,-79.40509,66 BRUNSWICK AVE,Toronto, Ontario ,M5S2L7,100 years,"Sotheby`s International Realty Canada, Brokerage",30.00 x 137.5 Feet,3500-5000 sqft,3-Storey,"$10,162 /yr",Detached,84,University,4950000,,,,,,27-Jan-20
C4631740,43.684466,-79.396579,78 FARNHAM AVE,Toronto, Ontario ,M4V1H4,0-5 years,"Harvey Kalles Real Estate Ltd., Brokerage",37.00 x 132 Feet,3500-5000 sqft,3-Storey,"$17,426 /yr",Detached,83,Yonge-st. Clair,4980000,,,,,,11-Nov-19
C4681993,43.71363,-79.41247,247 LYTTON BLVD,Toronto, Ontario ,M5N1R7,No Data,"Harvey Kalles Real Estate Ltd., Brokerage",50.00 x 134 Feet,No Data,2-Storey,No Data,Detached,38,Lawrence Park South,4995000,,,,,,03-Feb-20
C4676280,43.707713,-79.430828,311 HILLHURST BLVD,Toronto, Ontario ,M6B1M9,New,"Royal Lepage/j & D Division, Brokerage",59.00 x 128 Feet,5000 sqft,2-Storey,"$7,134 /yr",Detached,39,Englemount-lawrence,4995000,,,,,,26-Jan-20
E4665094,43.671518,-79.282398,11 MUNRO PARK AVE,Toronto, Ontario ,M4E3M2,6-15 years,"Re/max Ultimate Realty Inc., Brokerage",47.73 x 120.2 Feet,3500-5000 sqft,3-Storey,"$17,943 /yr",Detached,67,The Beaches,4995000,,,,,,10-Jan-20
W4677067,43.675127,-79.513841,185 EDENBRIDGE DR,Toronto, Ontario ,M9A3G7,0-5 years,"Aleksic Realty Inc., Brokerage",66.57 x 216.57 Feet,5000 sqft,2-Storey,"$25,382 /yr",Detached,28,Edenbridge-humber Valley,4998888,,,,,,27-Jan-20
C4670054,43.733041,-79.397983,177 GOLFDALE RD,Toronto, Ontario ,M4N2C1,New,"Mccann Realty Group Ltd., Brokerage",50.00 x 125 Feet,3500-5000 sqft,2-Storey,"$7,518 /yr",Detached,47,Lawrence Park North,5149000,,,,,,16-Jan-20
C4678268,43.696597,-79.413704,103 DUNLOE RD,Toronto, Ontario ,M5P2T7,No Data,"Forest Hill Real Estate Inc., Brokerage",66.00 x 120 Feet,No Data,2-Storey,"$18,529 /yr",Detached,42,Forest Hill South,5188000,,,,,,29-Jan-20
C4664083,43.69409,-79.414627,559 SPADINA RD,Toronto, Ontario ,M5P2W9,0-5 years,"Re/max Realtron Barry Cohen Homes Inc., Brokerage",50.00 x 151 Feet,5000 sqft,3-Storey,No Data,Detached,71,Forest Hill South,5495000,,,,,,09-Jan-20
W4578183,43.674657,-79.527942,50 EDENBROOK HILL,Toronto, Ontario ,M9A3Z9,No Data,"Re/max Professionals Inc., Brokerage",46.35 x 265.25 Feet,3500-5000 sqft,2-Storey,"$14,816 /yr",Detached,7,Edenbridge-humber Valley,5498000,,,,,,16-Sep-19
C4597805,43.699374,-79.415397,257 DUNVEGAN RD,Toronto, Ontario ,M5P2P5,No Data,"Harvey Kalles Real Estate Ltd., Brokerage",55.00 x 172.14 Feet,5000 sqft,3-Storey,"$25,141 /yr",Detached,60,Forest Hill South,5500000,,,,,,03-Oct-19
C4669765,43.733873,-79.401303,52 TEDDINGTON PARK AVE,Toronto, Ontario ,M4N2C6,No Data,"Re/max Platinum Pin Realty, Brokerage",50.00 x 184.5 Feet,No Data,3-Storey,"$12,386 /yr",Detached,35,Lawrence Park North,5500000,,,,,,16-Jan-20
C4680889,43.724405,-79.386745,206 ST LEONARD'S AVE,Toronto, Ontario ,M4N1K7,0-5 years,"Royal Lepage/j & D Division, Brokerage",50.00 x 150 Feet,5000 sqft,2-Storey,"$26,995 /yr",Detached,27,Bridle Path-sunnybrook-york Mills,5599000,,,,,,31-Jan-20
C4677609,43.724641,-79.38418,237 ST LEONARD'S AVE,Toronto, Ontario ,M4N1K9,New,"Re/max Realtron Barry Cohen Homes Inc., Brokerage",50.00 x 150 Feet,No Data,2-Storey,"$13,291 /yr",Detached,35,Bridle Path-sunnybrook-york Mills,5600000,,,,,,28-Jan-20
C4621027,43.724492,-79.399544,70 WEYBOURNE CRES,Toronto, Ontario ,M4N2S1,0-5 years,"Home Standards Brickstone Realty, Brokerage",52.08 x 130 Feet,3500-5000 sqft,2-Storey,No Data,Detached,84,Lawrence Park South,5695000,,,,,,30-Oct-19
W4544849,43.673236,-79.518817,41 VALECREST DR,Toronto, Ontario ,M9A4P5,No Data,"Re/max Professionals Inc., Brokerage",80.00 x 143 Feet,5000 sqft,2-Storey,"$21,475 /yr",Detached,22,Edenbridge-humber Valley,5750000,,,,,,12-Aug-19
C4678021,43.715268,-79.395886,139 SHELDRAKE BLVD,Toronto, Ontario ,M4P2B1,0-5 years,"Royal Lepage/j & D Division, Brokerage",40.00 x 150 Feet,3500-5000 sqft,2-Storey,"$17,777 /yr",Detached,79,Mount Pleasant East,5950000,,,,,,28-Jan-20
C4573134,43.699942,-79.415414,274 FOREST HILL RD,Toronto, Ontario ,M5P2N6,No Data,"Slavens & Associates Real Estate Inc., Brokerage",65.00 x 120 Feet,No Data,2 1/2 Storey,"$27,050 /yr",Detached,60,Forest Hill South,6298000,,,,,,11-Sep-19
C4607688,43.691106,-79.415595,22 STRATHEARN BLVD,Toronto, Ontario ,M5P1S7,No Data,"Living Realty Inc., Brokerage",40.00 x 128 Feet,3500-5000 sqft,3-Storey,"$22,280 /yr",Detached,79,Forest Hill South,6380000,,,,,,15-Oct-19
C4681947,43.68794,-79.375396,167 ROSEDALE HEIGHTS DR,Toronto, Ontario ,M4T1C7,51-99 years,"Royal Lepage Real Estate Services Heaps Estrin Team, Brokera",40.00 x 210 Feet,3500-5000 sqft,2 1/2 Storey,"$19,854 /yr",Detached,37,Rosedale-moore Park,6395000,,,,,,03-Feb-20
C4630636,43.721032,-79.386694,1 STRATHEDEN RD,Toronto, Ontario ,M4N1E2,6-15 years,"Right At Home Realty Inc., Brokerage",69.33 x 133.33 Feet,5000 sqft,2-Storey,"$27,963 /yr",Detached,45,Lawrence Park South,6500000,,,,,,09-Nov-19
C4618013,43.666795,-79.383446,37 GLOUCESTER ST,Toronto, Ontario ,M4Y1L8,No Data,"Realawstate Realty Brokerage, Brokerage",30.28 x 101 Feet,No Data,3-Storey,"$9,400 /yr",Detached,99,Church-yonge Corridor,6500000,,,,,,25-Oct-19
C4668776,43.682057,-79.377859,64 HIGHLAND AVE,Toronto, Ontario ,M4W2A3,No Data,"Harvey Kalles Real Estate Ltd., Brokerage",50.00 x 121 Feet,No Data,2-Storey,"$12,585 /yr",Detached,22,Rosedale-moore Park,7495000,,,,,,15-Jan-20
W4625469,43.691194,-79.526883,18A WESTMOUNT PARK RD,Toronto, Ontario ,M9P1R5,No Data,"Re/max Professionals Inc., Brokerage",64.99 x 543.06 Feet,No Data,2-Storey,"$18,319 /yr",Detached,55,Humber Heights,7688000,,,,,,04-Nov-19
W4584073,43.676803,-79.516923,43 NORTH DR,Toronto, Ontario ,M9A4R1,0-5 years,"Harvey Kalles Real Estate Ltd., Brokerage",98.67 x 346 Feet,5000 sqft,2-Storey,"$37,914 /yr",Detached,26,Edenbridge-humber Valley,8288000,,,,,,20-Sep-19
C4608489,43.683793,-79.368511,208 ROXBOROUGH DR,Toronto, Ontario ,M4W1X8,100 years,"Royal Lepage Real Estate Services Heaps Estrin Team, Brokera",88.48 x 408.21 Feet,5000 sqft,2-Storey,"$34,372 /yr",Detached,15,Rosedale-moore Park,8995000,,,,,,16-Oct-19
C4669350,43.723606,-79.381378,47 DANESWOOD RD,Toronto, Ontario ,M4N3J7,0-5 years,"Chestnut Park Real Estate Limited, Brokerage",68.43 x 146.41 Feet,5000 sqft,3-Storey,"$35,310 /yr",Detached,37,Bridle Path-sunnybrook-york Mills,10500000,,,,,,16-Jan-20
C4678069,43.732368,-79.389805,328 RIVERVIEW DR,Toronto, Ontario ,M4N3E1,16-30 years,"Chestnut Park Real Estate Limited, Brokerage",88.00 x 300 Feet,5000 sqft,2-Storey,"$41,764 /yr",Detached,17,Bridle Path-sunnybrook-york Mills,11500000,,,,,,28-Jan-20
C4600820,43.681908,-79.403556,43 RUSSELL HILL RD,Toronto, Ontario ,M4V2S9,No Data,"Forest Hill Real Estate Inc., Brokerage",122.00 x 216 Feet,No Data,3-Storey,"$51,991 /yr",Detached,49,Casa Loma,11500000,,,,,,07-Oct-19
C4678978,43.73157,-79.371947,38 PARK LANE CIRC,Toronto, Ontario ,M3C2N2,No Data,"Bay Street Group Inc., Brokerage",206.50 x 425.87 Feet,5000 sqft,2-Storey,"$53,282 /yr",Detached,7,Bridle Path-sunnybrook-york Mills,12500000,,,,,,29-Jan-20
W4577046,43.657883,-79.50282,65 KINGSWAY CRES,Toronto, Ontario ,M8X2R5,16-30 years,"Royal Lepage Real Estate Services Ltd., Brokerage",136.15 x 310.29 Feet,5000 sqft,2-Storey,"$42,430 /yr",Detached,39,Kingsway South,12800000,,,,,,13-Sep-19
C4640439,43.676744,-79.370434,32 CASTLE FRANK RD,Toronto, Ontario ,M4W2Z6,100 years,"Harvey Kalles Real Estate Ltd., Brokerage",123.50 x 339.6 Feet,5000 sqft,2 1/2 Storey,"$40,753 /yr",Detached,35,Rosedale-moore Park,12880000,,,,,,22-Nov-19
C4505342,43.733091,-79.369224,20 HIGH POINT RD,Toronto, Ontario ,M3B2A4,No Data,"Re/max Goldenway Realty Inc., Brokerage",315.00 x 414 Feet,5000 sqft,2-Storey,"$44,516 /yr",Detached,22,Bridle Path-sunnybrook-york Mills,15000000,,,,,,03-Jul-19
C4396461,43.676495,-79.382238,124 PARK RD,Toronto, Ontario ,M4W2N7,100 years,"Sotheby`s International Realty Canada, Brokerage",167.45 x 185 Feet,5000 sqft,3-Storey,"$59,493 /yr",Detached,73,Rosedale-moore Park,19800000,,,,,,28-Mar-19
C4425097,43.684857,-79.368776,194 ROXBOROUGH DR,Toronto, Ontario ,M4W1X8,6-15 years,"Chestnut Park Real Estate Limited, Brokerage",60.00 x 401.87 Feet,5000 sqft,Other,"$74,203 /yr",Detached,30,Rosedale-moore Park,21500000,,,,,,23-Apr-19
C4443133,43.693837,-79.408339,138 DUNVEGAN RD,Toronto, Ontario ,M4V2R3,New,"Royal Lepage/j & D Division, Brokerage",80.00 x 174 Feet,5000 sqft,2-Storey,"$24,273 /yr",Detached,39,Forest Hill South,22300000,,,,,,08-May-19
C4678024,43.73563,-79.368732,71 THE BRIDLE PATH,Toronto, Ontario ,M3B2B2,0-5 years,"Forest Hill Real Estate Inc., Brokerage",246.38 x 353.63 Feet,No Data,2-Storey,"$124,702 /yr",Detached,12,Bridle Path-sunnybrook-york Mills,32000000,,,,,,28-Jan-20
